backend_used,corr_dx_x,corr_dy_y,corr_norm_radius,delta_pitch_deg,delta_roll_deg,delta_yaw_deg,direction_consistency,edge_edge_chamfer,edge_edge_overlap_count,edge_edge_overlap_ratio,edge_query_edge_count,edge_render_edge_count,fallback_reason,good_matches,image_name,inlier_ratio,inliers,median_dx_px,median_dy_px,median_residual_norm_px,p90_residual_norm_px,query_image,query_keypoints,render_keypoints,render_path,render_time_sec,rendered_now,rotation_perturbation,scale,status,xml_photo_id
,0.525293815930686,0.5727611856125326,0.9681317301100544,0.0,0.0,0.0,0.668380618095398,12.23585319519043,4419,0.3512997853565466,21217,12579,,1782,0000,0.7901234567901234,1408,12.1597900390625,23.929443359375,35.26472091674805,66.31222534179688,data_caiwangcun/query/images/exif_test/0000.jpg,9000,9000,docs/experiments/dom_dsm_prepare/query_dom_patch_alignment_batch/images/000_0000/gpu_pinhole_render.png,0.0,False,R_perturbed = R_xml.T @ R_delta_camera_local_xyz,0.25,ok,7
,0.47478792490186494,0.6094793437982688,0.972310584523573,-0.05,0.0,0.0,0.6662876605987549,11.529637336730957,4544,0.3679352226720648,21217,12350,,1799,0000,0.7493051695386326,1348,12.27703857421875,21.4239501953125,32.386680603027344,62.89451217651367,data_caiwangcun/query/images/exif_test/0000.jpg,9000,9002,docs/experiments/dom_dsm_prepare/query_render_pose_residual_grid/renders/000_0000/render_photo7_dpm0p05_drp0p00_dyp0p00.png,0.0,False,R_perturbed = R_xml.T @ R_delta_camera_local_xyz,0.25,ok,7
,0.5260302945764688,0.5879616788360746,0.970013084362179,0.0,-0.05,0.0,0.7921469807624817,12.247270584106445,4306,0.3488617029895487,21217,12343,,1838,0000,0.7013057671381937,1289,15.72705078125,27.70361328125,34.662010192871094,67.45516967773438,data_caiwangcun/query/images/exif_test/0000.jpg,9000,9001,docs/experiments/dom_dsm_prepare/query_render_pose_residual_grid/renders/000_0000/render_photo7_dpp0p00_drm0p05_dyp0p00.png,0.0,False,R_perturbed = R_xml.T @ R_delta_camera_local_xyz,0.25,ok,7
,0.42334488009186466,0.6549038024163236,0.9710839635489357,0.0,0.0,-0.05,0.710945188999176,11.966642379760742,4090,0.331765087605451,21217,12328,,1806,0000,0.7425249169435216,1341,14.28369140625,24.57861328125,35.28920364379883,67.52047729492188,data_caiwangcun/query/images/exif_test/0000.jpg,9000,9000,docs/experiments/dom_dsm_prepare/query_render_pose_residual_grid/renders/000_0000/render_photo7_dpp0p00_drp0p00_dym0p05.png,0.0,False,R_perturbed = R_xml.T @ R_delta_camera_local_xyz,0.25,ok,7
,0.5159211746735557,0.6244466526402904,0.9687476016817211,0.0,0.0,0.05,0.7715702652931213,11.666230201721191,4379,0.3523778868592581,21217,12427,,1806,0000,0.7225913621262459,1305,12.30078125,26.383056640625,32.150691986083984,65.57131958007812,data_caiwangcun/query/images/exif_test/0000.jpg,9000,9000,docs/experiments/dom_dsm_prepare/query_render_pose_residual_grid/renders/000_0000/render_photo7_dpp0p00_drp0p00_dyp0p05.png,0.0,False,R_perturbed = R_xml.T @ R_delta_camera_local_xyz,0.25,ok,7
,0.4627814394842173,0.6411779546120935,0.9632239260553545,0.0,0.05,0.0,0.7516037821769714,11.630053520202637,4368,0.3450782114078053,21217,12658,,1819,0000,0.7251236943375481,1319,9.33935546875,27.484619140625,32.8161506652832,65.23143005371094,data_caiwangcun/query/images/exif_test/0000.jpg,9000,9000,docs/experiments/dom_dsm_prepare/query_render_pose_residual_grid/renders/000_0000/render_photo7_dpp0p00_drp0p05_dyp0p00.png,0.0,False,R_perturbed = R_xml.T @ R_delta_camera_local_xyz,0.25,ok,7
,0.5916147760571716,0.5696154775958497,0.9660977723655246,0.05,0.0,0.0,0.8444640040397644,11.934831619262695,4199,0.3360544217687075,21217,12495,,1801,0000,0.6935036091060522,1249,11.898681640625,33.2930908203125,36.898677825927734,70.97844696044922,data_caiwangcun/query/images/exif_test/0000.jpg,9000,9001,docs/experiments/dom_dsm_prepare/query_render_pose_residual_grid/renders/000_0000/render_photo7_dpp0p05_drp0p00_dyp0p00.png,0.0,False,R_perturbed = R_xml.T @ R_delta_camera_local_xyz,0.25,ok,7
,0.5205390382334152,0.6016464522047368,0.9616009784503401,-0.1,0.0,0.0,0.7222463488578796,11.606385231018066,4790,0.3860412637008382,21217,12408,,1805,0000,0.6869806094182825,1240,11.76568603515625,23.13116455078125,30.144989013671875,61.275020599365234,data_caiwangcun/query/images/exif_test/0000.jpg,9000,9001,docs/experiments/dom_dsm_prepare/query_render_pose_residual_grid/renders/000_0000/render_photo7_dpm0p10_drp0p00_dyp0p00.png,0.0,False,R_perturbed = R_xml.T @ R_delta_camera_local_xyz,0.25,ok,7
,0.5014576055598233,0.7078549603293638,0.9531672949896075,-0.05,-0.05,0.0,0.771686315536499,12.269938468933105,4657,0.37438700860197766,21217,12439,,1802,0000,0.7497225305216426,1351,20.237548828125,22.374755859375,35.421146392822266,70.61759948730469,data_caiwangcun/query/images/exif_test/0000.jpg,9000,9001,docs/experiments/dom_dsm_prepare/query_render_pose_residual_grid/renders/000_0000/render_photo7_dpm0p05_drm0p05_dyp0p00.png,0.0,False,R_perturbed = R_xml.T @ R_delta_camera_local_xyz,0.25,ok,7
,0.472486874120645,0.5806157120210139,0.963720793539315,-0.05,0.05,0.0,0.5711594820022583,11.625686645507812,4739,0.3763500635324015,21217,12592,,1780,0000,0.750561797752809,1336,8.328857421875,19.89215087890625,32.23693084716797,59.67626953125,data_caiwangcun/query/images/exif_test/0000.jpg,9000,9000,docs/experiments/dom_dsm_prepare/query_render_pose_residual_grid/renders/000_0000/render_photo7_dpm0p05_drp0p05_dyp0p00.png,0.0,False,R_perturbed = R_xml.T @ R_delta_camera_local_xyz,0.25,ok,7
,0.5194665393246202,0.5837366235154118,0.9527821624801986,0.0,-0.1,0.0,0.7267577648162842,12.351720809936523,4398,0.35502098805295446,21217,12388,,1810,0000,0.7657458563535912,1386,19.105712890625,24.2801513671875,36.426292419433594,68.47776794433594,data_caiwangcun/query/images/exif_test/0000.jpg,9000,9000,docs/experiments/dom_dsm_prepare/query_render_pose_residual_grid/renders/000_0000/render_photo7_dpp0p00_drm0p10_dyp0p00.png,0.0,False,R_perturbed = R_xml.T @ R_delta_camera_local_xyz,0.25,ok,7
,0.46708507876665156,0.595353749161433,0.9714075592091874,0.0,0.0,-0.1,0.7140784859657288,11.873625755310059,4322,0.3472043701799486,21217,12448,,1787,0000,0.7627308337996642,1363,13.334716796875,27.00390625,36.46356964111328,70.06928253173828,data_caiwangcun/query/images/exif_test/0000.jpg,9000,9000,docs/experiments/dom_dsm_prepare/query_render_pose_residual_grid/renders/000_0000/render_photo7_dpp0p00_drp0p00_dym0p10.png,0.0,False,R_perturbed = R_xml.T @ R_delta_camera_local_xyz,0.25,ok,7
,0.5434002231912957,0.6119391913328645,0.9622914911025315,0.0,0.0,0.1,0.68451988697052,12.223788261413574,4450,0.3586684935923269,21217,12407,,1815,0000,0.768595041322314,1395,12.10693359375,22.0799560546875,31.980609893798828,63.58592987060547,data_caiwangcun/query/images/exif_test/0000.jpg,9000,9000,docs/experiments/dom_dsm_prepare/query_render_pose_residual_grid/renders/000_0000/render_photo7_dpp0p00_drp0p00_dyp0p10.png,0.0,False,R_perturbed = R_xml.T @ R_delta_camera_local_xyz,0.25,ok,7
,0.3873588811451031,0.6889641384622494,0.9452783650679392,0.0,0.1,0.0,0.6968976259231567,11.480913162231445,4446,0.35863515366620957,21217,12397,,1840,0000,0.7347826086956522,1352,6.7789306640625,25.502685546875,33.23529815673828,64.023681640625,data_caiwangcun/query/images/exif_test/0000.jpg,9000,9000,docs/experiments/dom_dsm_prepare/query_render_pose_residual_grid/renders/000_0000/render_photo7_dpp0p00_drp0p10_dyp0p00.png,0.0,False,R_perturbed = R_xml.T @ R_delta_camera_local_xyz,0.25,ok,7
,0.46366256407520984,0.6949687315608479,0.9606121394705813,0.05,-0.05,0.0,0.820100724697113,12.296188354492188,4147,0.33360148017054136,21217,12431,,1808,0000,0.745575221238938,1348,17.9219970703125,30.5853271484375,38.124176025390625,73.14784240722656,data_caiwangcun/query/images/exif_test/0000.jpg,9000,9000,docs/experiments/dom_dsm_prepare/query_render_pose_residual_grid/renders/000_0000/render_photo7_dpp0p05_drm0p05_dyp0p00.png,0.0,False,R_perturbed = R_xml.T @ R_delta_camera_local_xyz,0.25,ok,7
,0.7075272107756109,0.5828787222800302,0.9534457963344455,0.05,0.05,0.0,0.889289379119873,11.701757431030273,4260,0.3453027478317257,21217,12337,,1801,0000,0.6851749028317601,1234,10.1112060546875,37.15057373046875,41.19318771362305,81.63594055175781,data_caiwangcun/query/images/exif_test/0000.jpg,9000,9000,docs/experiments/dom_dsm_prepare/query_render_pose_residual_grid/renders/000_0000/render_photo7_dpp0p05_drp0p05_dyp0p00.png,0.0,False,R_perturbed = R_xml.T @ R_delta_camera_local_xyz,0.25,ok,7
,0.48674411479960805,0.6455461590184448,0.9423560476820306,0.1,0.0,0.0,0.7892836928367615,12.209450721740723,4364,0.34305479128999294,21217,12721,,1813,0000,0.7920573634859349,1436,13.9146728515625,31.60235595703125,38.58094024658203,74.73529052734375,data_caiwangcun/query/images/exif_test/0000.jpg,9000,9000,docs/experiments/dom_dsm_prepare/query_render_pose_residual_grid/renders/000_0000/render_photo7_dpp0p10_drp0p00_dyp0p00.png,0.0,False,R_perturbed = R_xml.T @ R_delta_camera_local_xyz,0.25,ok,7
,0.8896940919989904,0.32169967652717063,0.9623505255588143,0.0,0.0,0.0,0.7623759508132935,9.935392379760742,8200,0.38510308552106326,26928,21293,,1741,0001,0.5152211372774268,897,26.4052734375,36.058349609375,64.89307403564453,115.61210632324219,data_caiwangcun/query/images/exif_test/0001.JPG,9000,9000,docs/experiments/dom_dsm_prepare/query_dom_patch_alignment_batch/images/001_0001/gpu_pinhole_render.png,0.0,False,R_perturbed = R_xml.T @ R_delta_camera_local_xyz,0.25,ok,13
,0.8903364320284526,0.380848530967583,0.9585802578429984,-0.05,0.0,0.0,0.7405256628990173,9.836236000061035,8266,0.3901080749445467,26928,21189,,1762,0001,0.5340522133938707,941,41.4462890625,30.328369140625,76.14144134521484,121.72418212890625,data_caiwangcun/query/images/exif_test/0001.JPG,9000,9000,docs/experiments/dom_dsm_prepare/query_render_pose_residual_grid/renders/001_0001/render_photo13_dpm0p05_drp0p00_dyp0p00.png,0.0,False,R_perturbed = R_xml.T @ R_delta_camera_local_xyz,0.25,ok,13
,0.8143085259095165,0.45569820007943906,0.9552225242837179,0.0,-0.05,0.0,0.6274831891059875,10.005537033081055,7948,0.3726731373376471,26928,21327,,1765,0001,0.5495750708215298,970,17.0072021484375,21.8680419921875,56.282737731933594,114.94242858886719,data_caiwangcun/query/images/exif_test/0001.JPG,9000,9001,docs/experiments/dom_dsm_prepare/query_render_pose_residual_grid/renders/001_0001/render_photo13_dpp0p00_drm0p05_dyp0p00.png,0.0,False,R_perturbed = R_xml.T @ R_delta_camera_local_xyz,0.25,ok,13
,0.8347419394438315,0.5590655889636866,0.9586840112221211,0.0,0.0,-0.05,0.5066381096839905,9.827228546142578,8186,0.3843372928306493,26928,21299,,1763,0001,0.4951786727169597,873,-10.403076171875,35.2235107421875,70.71436309814453,113.2732162475586,data_caiwangcun/query/images/exif_test/0001.JPG,9000,9001,docs/experiments/dom_dsm_prepare/query_render_pose_residual_grid/renders/001_0001/render_photo13_dpp0p00_drp0p00_dym0p05.png,0.0,False,R_perturbed = R_xml.T @ R_delta_camera_local_xyz,0.25,ok,13
,0.8035420736695676,0.5158117732776343,0.9530363610519315,0.0,0.0,0.05,0.5222885608673096,10.004013061523438,8024,0.38526912181303113,26928,20827,,1748,0001,0.5377574370709383,940,0.306884765625,21.7340087890625,54.63883972167969,104.24356079101562,data_caiwangcun/query/images/exif_test/0001.JPG,9000,9001,docs/experiments/dom_dsm_prepare/query_render_pose_residual_grid/renders/001_0001/render_photo13_dpp0p00_drp0p00_dyp0p05.png,0.0,False,R_perturbed = R_xml.T @ R_delta_camera_local_xyz,0.25,ok,13
,0.8091814902313592,0.4664270952618821,0.9593835558553273,0.0,0.05,0.0,0.5536748766899109,9.874563217163086,8091,0.38365972782019064,26928,21089,,1760,0001,0.5119318181818182,901,3.909912109375,24.326171875,59.37775802612305,112.2694091796875,data_caiwangcun/query/images/exif_test/0001.JPG,9000,9001,docs/experiments/dom_dsm_prepare/query_render_pose_residual_grid/renders/001_0001/render_photo13_dpp0p00_drp0p05_dyp0p00.png,0.0,False,R_perturbed = R_xml.T @ R_delta_camera_local_xyz,0.25,ok,13
,0.8975854239119561,0.3346509033376403,0.9594056357822658,0.05,0.0,0.0,0.8135783076286316,9.79682731628418,8126,0.3854290186406109,26928,21083,,1753,0001,0.5191100969766115,910,27.92919921875,44.11572265625,69.35191345214844,122.74859619140625,data_caiwangcun/query/images/exif_test/0001.JPG,9000,9001,docs/experiments/dom_dsm_prepare/query_render_pose_residual_grid/renders/001_0001/render_photo13_dpp0p05_drp0p00_dyp0p00.png,0.0,False,R_perturbed = R_xml.T @ R_delta_camera_local_xyz,0.25,ok,13
,0.8039920125708315,0.5277658802460472,0.9535234505444364,-0.1,0.0,0.0,0.4080285131931305,9.831857681274414,8360,0.4005749880210829,26928,20870,,1762,0001,0.49035187287173665,864,-4.00677490234375,13.2327880859375,61.726348876953125,114.84840393066406,data_caiwangcun/query/images/exif_test/0001.JPG,9000,9001,docs/experiments/dom_dsm_prepare/query_render_pose_residual_grid/renders/001_0001/render_photo13_dpm0p10_drp0p00_dyp0p00.png,0.0,False,R_perturbed = R_xml.T @ R_delta_camera_local_xyz,0.25,ok,13
,0.8165641599962101,0.4669765364296409,0.9559090510299569,-0.05,-0.05,0.0,0.6101969480514526,9.756568908691406,8292,0.3904506286198616,26928,21237,,1782,0001,0.48092031425364756,857,6.078125,22.263916015625,62.535362243652344,125.72993469238281,data_caiwangcun/query/images/exif_test/0001.JPG,9000,9000,docs/experiments/dom_dsm_prepare/query_render_pose_residual_grid/renders/001_0001/render_photo13_dpm0p05_drm0p05_dyp0p00.png,0.0,False,R_perturbed = R_xml.T @ R_delta_camera_local_xyz,0.25,ok,13
,0.8789758072545997,0.3628195526041367,0.9562470183334915,-0.05,0.05,0.0,0.7436302900314331,9.883871078491211,8165,0.38075918671889575,26928,21444,,1737,0001,0.5440414507772021,945,34.42431640625,30.5399169921875,66.75940704345703,114.94232177734375,data_caiwangcun/query/images/exif_test/0001.JPG,9000,9000,docs/experiments/dom_dsm_prepare/query_render_pose_residual_grid/renders/001_0001/render_photo13_dpm0p05_drp0p05_dyp0p00.png,0.0,False,R_perturbed = R_xml.T @ R_delta_camera_local_xyz,0.25,ok,13
,0.7873089119598347,0.508510222046995,0.9452291750713572,0.0,-0.1,0.0,0.6213431358337402,10.059038162231445,8105,0.378225768817957,26928,21429,,1766,0001,0.5056625141562854,893,8.160400390625,25.705078125,52.028690338134766,108.25060272216797,data_caiwangcun/query/images/exif_test/0001.JPG,9000,9000,docs/experiments/dom_dsm_prepare/query_render_pose_residual_grid/renders/001_0001/render_photo13_dpp0p00_drm0p10_dyp0p00.png,0.0,False,R_perturbed = R_xml.T @ R_delta_camera_local_xyz,0.25,ok,13
,0.8925879741982395,0.2970952408793442,0.9615824754806549,0.0,0.0,-0.1,0.8107280731201172,10.075220108032227,8105,0.3853101972902306,26928,21035,,1669,0001,0.5158777711204314,861,26.891357421875,47.57275390625,70.34468841552734,123.573486328125,data_caiwangcun/query/images/exif_test/0001.JPG,9000,9001,docs/experiments/dom_dsm_prepare/query_render_pose_residual_grid/renders/001_0001/render_photo13_dpp0p00_drp0p00_dym0p10.png,0.0,False,R_perturbed = R_xml.T @ R_delta_camera_local_xyz,0.25,ok,13
,0.9003950388756188,0.32475177552345175,0.9549671977295145,0.0,0.0,0.1,0.812939465045929,9.85132884979248,8219,0.3863038165068622,26928,21276,,1773,0001,0.5403271291596164,958,40.195068359375,39.35882568359375,73.49910736083984,126.04461669921875,data_caiwangcun/query/images/exif_test/0001.JPG,9000,9000,docs/experiments/dom_dsm_prepare/query_render_pose_residual_grid/renders/001_0001/render_photo13_dpp0p00_drp0p00_dyp0p10.png,0.0,False,R_perturbed = R_xml.T @ R_delta_camera_local_xyz,0.25,ok,13
,0.8988157806781928,0.33982884286761106,0.9514251999921591,0.0,0.1,0.0,0.7267917990684509,9.748674392700195,8130,0.3837620958225159,26928,21185,,1731,0001,0.534950895436164,926,23.8955078125,36.71728515625,68.23370361328125,116.51231384277344,data_caiwangcun/query/images/exif_test/0001.JPG,9000,9000,docs/experiments/dom_dsm_prepare/query_render_pose_residual_grid/renders/001_0001/render_photo13_dpp0p00_drp0p10_dyp0p00.png,0.0,False,R_perturbed = R_xml.T @ R_delta_camera_local_xyz,0.25,ok,13
,0.8162817550344703,0.48827839779856314,0.9475952020092134,0.05,-0.05,0.0,0.6552990674972534,9.897135734558105,8197,0.3837007910873941,26928,21363,,1767,0001,0.5172608941709111,914,12.3720703125,29.88836669921875,66.38882446289062,124.07343292236328,data_caiwangcun/query/images/exif_test/0001.JPG,9000,9001,docs/experiments/dom_dsm_prepare/query_render_pose_residual_grid/renders/001_0001/render_photo13_dpp0p05_drm0p05_dyp0p00.png,0.0,False,R_perturbed = R_xml.T @ R_delta_camera_local_xyz,0.25,ok,13
,0.8247020059218134,0.49247872185041514,0.9398558746305424,0.05,0.05,0.0,0.6407572627067566,9.977563858032227,8071,0.3889076278128463,26928,20753,,1756,0001,0.5279043280182233,927,22.12255859375,31.4146728515625,60.81781005859375,117.80717468261719,data_caiwangcun/query/images/exif_test/0001.JPG,9000,9000,docs/experiments/dom_dsm_prepare/query_render_pose_residual_grid/renders/001_0001/render_photo13_dpp0p05_drp0p05_dyp0p00.png,0.0,False,R_perturbed = R_xml.T @ R_delta_camera_local_xyz,0.25,ok,13
,0.8130417020894091,0.45211223586308386,0.9378933156038424,0.1,0.0,0.0,0.5744150876998901,10.007150650024414,8021,0.3825352918733308,26928,20968,,1740,0001,0.4867816091954023,847,-4.5263671875,28.9586181640625,53.09286117553711,111.14508819580078,data_caiwangcun/query/images/exif_test/0001.JPG,9000,9000,docs/experiments/dom_dsm_prepare/query_render_pose_residual_grid/renders/001_0001/render_photo13_dpp0p10_drp0p00_dyp0p00.png,0.0,False,R_perturbed = R_xml.T @ R_delta_camera_local_xyz,0.25,ok,13
,0.6882128637299076,0.48306051217721035,0.9607008486904529,0.0,0.0,0.0,0.1069621592760086,10.087398529052734,7510,0.35755094267758525,24857,21004,,1660,0002,0.4807228915662651,798,1.11602783203125,4.99993896484375,50.268951416015625,69.32893371582031,data_caiwangcun/query/images/exif_test/0002.JPG,9000,9000,docs/experiments/dom_dsm_prepare/query_dom_patch_alignment_batch/images/002_0002/gpu_pinhole_render.png,0.0,False,R_perturbed = R_xml.T @ R_delta_camera_local_xyz,0.25,ok,17
,0.6732725484125163,0.4863713583966834,0.9610972391734964,-0.05,0.0,0.0,0.28136780858039856,9.945167541503906,7124,0.3399017128679803,24857,20959,,1664,0002,0.46334134615384615,771,-9.763671875,-12.83660888671875,49.45825958251953,75.41531372070312,data_caiwangcun/query/images/exif_test/0002.JPG,9000,9001,docs/experiments/dom_dsm_prepare/query_render_pose_residual_grid/renders/002_0002/render_photo17_dpm0p05_drp0p00_dyp0p00.png,0.0,False,R_perturbed = R_xml.T @ R_delta_camera_local_xyz,0.25,ok,17
,0.6329874879101477,0.47841765588977814,0.9689390492457287,0.0,-0.05,0.0,0.05773324891924858,9.933706283569336,7444,0.3539032043358372,24857,21034,,1685,0002,0.456973293768546,770,1.8299560546875,1.874359130859375,47.61759948730469,63.31484603881836,data_caiwangcun/query/images/exif_test/0002.JPG,9000,9000,docs/experiments/dom_dsm_prepare/query_render_pose_residual_grid/renders/002_0002/render_photo17_dpp0p00_drm0p05_dyp0p00.png,0.0,False,R_perturbed = R_xml.T @ R_delta_camera_local_xyz,0.25,ok,17
,0.6269278928578971,0.4667248773028655,0.9658474072011185,0.0,0.0,-0.05,0.1006641760468483,10.064306259155273,7370,0.35184035900128896,24857,20947,,1662,0002,0.4602888086642599,765,-1.8828125,3.2587890625,48.43324661254883,64.823974609375,data_caiwangcun/query/images/exif_test/0002.JPG,9000,9001,docs/experiments/dom_dsm_prepare/query_render_pose_residual_grid/renders/002_0002/render_photo17_dpp0p00_drp0p00_dym0p05.png,0.0,False,R_perturbed = R_xml.T @ R_delta_camera_local_xyz,0.25,ok,17
,0.6964937189941285,0.5006373791630264,0.9589846784909816,0.0,0.0,0.05,0.12383170425891876,10.011192321777344,7324,0.34941081055293166,24857,20961,,1621,0002,0.4602097470697101,746,-0.75732421875,1.840972900390625,48.70265579223633,67.87235260009766,data_caiwangcun/query/images/exif_test/0002.JPG,9000,9000,docs/experiments/dom_dsm_prepare/query_render_pose_residual_grid/renders/002_0002/render_photo17_dpp0p00_drp0p00_dyp0p05.png,0.0,False,R_perturbed = R_xml.T @ R_delta_camera_local_xyz,0.25,ok,17
,0.6377197362950259,0.4846376807020552,0.9383182881043944,0.0,0.05,0.0,0.1683950275182724,9.927844047546387,7470,0.3569380733944954,24857,20928,,1640,0002,0.46402439024390246,761,-7.209228515625,-4.42401123046875,47.37104415893555,65.97284698486328,data_caiwangcun/query/images/exif_test/0002.JPG,9000,9000,docs/experiments/dom_dsm_prepare/query_render_pose_residual_grid/renders/002_0002/render_photo17_dpp0p00_drp0p05_dyp0p00.png,0.0,False,R_perturbed = R_xml.T @ R_delta_camera_local_xyz,0.25,ok,17
,0.6529300575616663,0.45154385880636405,0.9307852428907184,0.05,0.0,0.0,0.20949521660804749,10.051952362060547,7900,0.37840685922306844,24857,20877,,1642,0002,0.4445797807551766,730,-2.54022216796875,9.318389892578125,45.665321350097656,65.51403045654297,data_caiwangcun/query/images/exif_test/0002.JPG,9000,9000,docs/experiments/dom_dsm_prepare/query_render_pose_residual_grid/renders/002_0002/render_photo17_dpp0p05_drp0p00_dyp0p00.png,0.0,False,R_perturbed = R_xml.T @ R_delta_camera_local_xyz,0.25,ok,17
,0.5983830103423912,0.5089664217871801,0.9480603414022606,-0.1,0.0,0.0,0.14621396362781525,10.230764389038086,6746,0.3256262972438094,24857,20717,,1664,0002,0.4495192307692308,748,0.7479248046875,-5.609375,47.876625061035156,63.24898147583008,data_caiwangcun/query/images/exif_test/0002.JPG,9000,9000,docs/experiments/dom_dsm_prepare/query_render_pose_residual_grid/renders/002_0002/render_photo17_dpm0p10_drp0p00_dyp0p00.png,0.0,False,R_perturbed = R_xml.T @ R_delta_camera_local_xyz,0.25,ok,17
,0.7021949458148387,0.5491456290979406,0.9638283486532577,-0.05,-0.05,0.0,0.19347019493579865,9.984723091125488,7275,0.347736723865972,24857,20921,,1653,0002,0.3938294010889292,651,0.0816650390625,-2.31842041015625,50.7555046081543,87.76187133789062,data_caiwangcun/query/images/exif_test/0002.JPG,9000,9001,docs/experiments/dom_dsm_prepare/query_render_pose_residual_grid/renders/002_0002/render_photo17_dpm0p05_drm0p05_dyp0p00.png,0.0,False,R_perturbed = R_xml.T @ R_delta_camera_local_xyz,0.25,ok,17
,0.6787530955199,0.48786969847463624,0.9395194910259612,-0.05,0.05,0.0,0.2603030204772949,10.144968032836914,7011,0.33773303145623584,24857,20759,,1684,0002,0.47149643705463185,794,-8.32196044921875,-3.837493896484375,50.264686584472656,75.10723114013672,data_caiwangcun/query/images/exif_test/0002.JPG,9000,9000,docs/experiments/dom_dsm_prepare/query_render_pose_residual_grid/renders/002_0002/render_photo17_dpm0p05_drp0p05_dyp0p00.png,0.0,False,R_perturbed = R_xml.T @ R_delta_camera_local_xyz,0.25,ok,17
,0.6442992067152881,0.5133661234600728,0.9456186819176835,0.0,-0.1,0.0,0.012793450616300106,10.067907333374023,7383,0.3477789815817985,24857,21229,,1625,0002,0.4787692307692308,778,2.4036865234375,1.710968017578125,49.05043029785156,66.45635223388672,data_caiwangcun/query/images/exif_test/0002.JPG,9000,9000,docs/experiments/dom_dsm_prepare/query_render_pose_residual_grid/renders/002_0002/render_photo17_dpp0p00_drm0p10_dyp0p00.png,0.0,False,R_perturbed = R_xml.T @ R_delta_camera_local_xyz,0.25,ok,17
,0.6084989666435616,0.4989199643884845,0.9709825990381328,0.0,0.0,-0.1,0.020134730264544487,9.766810417175293,7585,0.3593764806216242,24857,21106,,1673,0002,0.47878063359234907,801,-0.13427734375,1.7861328125,51.374900817871094,68.40364837646484,data_caiwangcun/query/images/exif_test/0002.JPG,9000,9001,docs/experiments/dom_dsm_prepare/query_render_pose_residual_grid/renders/002_0002/render_photo17_dpp0p00_drp0p00_dym0p10.png,0.0,False,R_perturbed = R_xml.T @ R_delta_camera_local_xyz,0.25,ok,17
,0.7003656620486551,0.5617059063889648,0.9546793253909779,0.0,0.0,0.1,0.12882541120052338,9.903180122375488,7587,0.3591819343843204,24857,21123,,1654,0002,0.4558645707376058,754,2.0086669921875,2.118865966796875,49.829185485839844,70.07080078125,data_caiwangcun/query/images/exif_test/0002.JPG,9000,9000,docs/experiments/dom_dsm_prepare/query_render_pose_residual_grid/renders/002_0002/render_photo17_dpp0p00_drp0p00_dyp0p10.png,0.0,False,R_perturbed = R_xml.T @ R_delta_camera_local_xyz,0.25,ok,17
,0.6558533107303312,0.4928010239687167,0.8895910359030603,0.0,0.1,0.0,0.212044358253479,10.053948402404785,7524,0.36349582105415723,24857,20699,,1617,0002,0.4811379097093383,778,-8.0262451171875,2.09283447265625,49.038753509521484,69.71902465820312,data_caiwangcun/query/images/exif_test/0002.JPG,9000,9001,docs/experiments/dom_dsm_prepare/query_render_pose_residual_grid/renders/002_0002/render_photo17_dpp0p00_drp0p10_dyp0p00.png,0.0,False,R_perturbed = R_xml.T @ R_delta_camera_local_xyz,0.25,ok,17
,0.612986051685212,0.49504960769261785,0.9225656178278269,0.05,-0.05,0.0,0.19494765996932983,9.94558334350586,7855,0.37385179191851886,24857,21011,,1612,0002,0.4509925558312655,727,4.1708984375,8.02734375,46.59238815307617,64.97158813476562,data_caiwangcun/query/images/exif_test/0002.JPG,9000,9000,docs/experiments/dom_dsm_prepare/query_render_pose_residual_grid/renders/002_0002/render_photo17_dpp0p05_drm0p05_dyp0p00.png,0.0,False,R_perturbed = R_xml.T @ R_delta_camera_local_xyz,0.25,ok,17
,0.7106177451825771,0.5230549271150592,0.9130780908848799,0.05,0.05,0.0,0.10488088428974152,9.722333908081055,7864,0.3760879961740794,24857,20910,,1632,0002,0.45894607843137253,749,3.4677734375,-4.771728515625,54.38275909423828,75.7102279663086,data_caiwangcun/query/images/exif_test/0002.JPG,9000,9000,docs/experiments/dom_dsm_prepare/query_render_pose_residual_grid/renders/002_0002/render_photo17_dpp0p05_drp0p05_dyp0p00.png,0.0,False,R_perturbed = R_xml.T @ R_delta_camera_local_xyz,0.25,ok,17
,0.658122663453447,0.5041949783636008,0.8755170740693715,0.1,0.0,0.0,0.16857215762138367,9.802837371826172,7869,0.3768317210995115,24857,20882,,1620,0002,0.4839506172839506,784,-0.602783203125,7.98583984375,47.280494689941406,68.69700622558594,data_caiwangcun/query/images/exif_test/0002.JPG,9000,9000,docs/experiments/dom_dsm_prepare/query_render_pose_residual_grid/renders/002_0002/render_photo17_dpp0p10_drp0p00_dyp0p00.png,0.0,False,R_perturbed = R_xml.T @ R_delta_camera_local_xyz,0.25,ok,17
,0.594130612465783,0.2477509344312123,0.9704094893023752,0.0,0.0,0.0,0.41287878155708313,6.535329341888428,23779,0.5758742613581324,48574,41292,,1777,0003,0.578503095104108,1028,8.1673583984375,10.236572265625,30.650474548339844,50.45001220703125,data_caiwangcun/query/images/exif_test/0003.JPG,9001,9000,docs/experiments/dom_dsm_prepare/query_dom_patch_alignment_batch/images/003_0003/gpu_pinhole_render.png,0.0,False,R_perturbed = R_xml.T @ R_delta_camera_local_xyz,0.25,ok,69
gpu_mesh,0.6999698534259284,0.38042839617246427,0.9485696101221522,-0.05,0.0,0.0,0.6072654128074646,6.513594150543213,24217,0.5903993368764933,48574,41018,,1748,0003,0.6578947368421053,1150,15.5703125,10.7462158203125,33.05750274658203,82.29670715332031,data_caiwangcun/query/images/exif_test/0003.JPG,9001,9000,docs/experiments/dom_dsm_prepare/query_render_pose_residual_grid/renders/003_0003/render_photo69_dpm0p05_drp0p00_dyp0p00.png,15.926835862000189,True,R_perturbed = R_xml.T @ R_delta_camera_local_xyz,0.25,ok,69
gpu_mesh,0.6718073738316341,0.20565432969889325,0.9736910916875064,0.0,-0.05,0.0,0.4291108250617981,6.6365509033203125,23672,0.5701348747591523,48574,41520,,1784,0003,0.5958520179372198,1063,11.343994140625,9.7271728515625,31.35684585571289,55.00382995605469,data_caiwangcun/query/images/exif_test/0003.JPG,9001,9000,docs/experiments/dom_dsm_prepare/query_render_pose_residual_grid/renders/003_0003/render_photo69_dpp0p00_drm0p05_dyp0p00.png,16.249483662999864,True,R_perturbed = R_xml.T @ R_delta_camera_local_xyz,0.25,ok,69
gpu_mesh,0.5467447093394489,0.4009962280601311,0.9656928223609003,0.0,0.0,-0.05,0.48196035623550415,6.688183307647705,23636,0.5747215873170257,48574,41126,,1732,0003,0.5964203233256351,1033,12.3408203125,9.7967529296875,32.320716857910156,60.0140380859375,data_caiwangcun/query/images/exif_test/0003.JPG,9001,9000,docs/experiments/dom_dsm_prepare/query_render_pose_residual_grid/renders/003_0003/render_photo69_dpp0p00_drp0p00_dym0p05.png,17.958077366999987,True,R_perturbed = R_xml.T @ R_delta_camera_local_xyz,0.25,ok,69
gpu_mesh,0.7099179994037865,0.4735097790823136,0.9515721412339959,0.0,0.0,0.05,0.7507427930831909,6.500486373901367,23967,0.5854462846255313,48574,40938,,1742,0003,0.5935706084959816,1034,16.1474609375,16.5643310546875,32.26068115234375,84.62828063964844,data_caiwangcun/query/images/exif_test/0003.JPG,9001,9000,docs/experiments/dom_dsm_prepare/query_render_pose_residual_grid/renders/003_0003/render_photo69_dpp0p00_drp0p00_dyp0p05.png,16.25729198900035,True,R_perturbed = R_xml.T @ R_delta_camera_local_xyz,0.25,ok,69
gpu_mesh,0.6585829807615762,0.151475905458559,0.9224114991677851,0.0,0.05,0.0,0.2858690023422241,6.553030014038086,24151,0.5804691631014758,48574,41606,,1751,0003,0.5642490005711023,988,0.825439453125,7.98974609375,30.326786041259766,49.92924118041992,data_caiwangcun/query/images/exif_test/0003.JPG,9001,9000,docs/experiments/dom_dsm_prepare/query_render_pose_residual_grid/renders/003_0003/render_photo69_dpp0p00_drp0p05_dyp0p00.png,16.326074453000274,True,R_perturbed = R_xml.T @ R_delta_camera_local_xyz,0.25,ok,69
gpu_mesh,0.5917309745650814,0.3426775209474187,0.9695350824800892,0.05,0.0,0.0,0.36353540420532227,6.6132402420043945,23637,0.5670929200355078,48574,41681,,1753,0003,0.6309184255561894,1106,8.72412109375,11.14111328125,33.29695129394531,56.53712463378906,data_caiwangcun/query/images/exif_test/0003.JPG,9001,9000,docs/experiments/dom_dsm_prepare/query_render_pose_residual_grid/renders/003_0003/render_photo69_dpp0p05_drp0p00_dyp0p00.png,16.247555363000174,True,R_perturbed = R_xml.T @ R_delta_camera_local_xyz,0.25,ok,69
gpu_mesh,0.6603481132195459,0.4271981314017922,0.9313957652869619,-0.1,0.0,0.0,0.5728757977485657,6.6414570808410645,24368,0.5963340919658371,48574,40863,,1717,0003,0.6604542807221898,1134,15.8740234375,5.634765625,32.47039794921875,81.38572692871094,data_caiwangcun/query/images/exif_test/0003.JPG,9001,9002,docs/experiments/dom_dsm_prepare/query_render_pose_residual_grid/renders/003_0003/render_photo69_dpm0p10_drp0p00_dyp0p00.png,16.36508259600032,True,R_perturbed = R_xml.T @ R_delta_camera_local_xyz,0.25,ok,69
gpu_mesh,0.6351236723541175,0.4252113445977474,0.9550766507185068,-0.05,-0.05,0.0,0.5959877371788025,6.521884441375732,24245,0.5883423523987479,48574,41209,,1776,0003,0.6334459459459459,1125,18.0264892578125,5.8138427734375,32.34204864501953,75.33323669433594,data_caiwangcun/query/images/exif_test/0003.JPG,9001,9000,docs/experiments/dom_dsm_prepare/query_render_pose_residual_grid/renders/003_0003/render_photo69_dpm0p05_drm0p05_dyp0p00.png,16.664198747999762,True,R_perturbed = R_xml.T @ R_delta_camera_local_xyz,0.25,ok,69
gpu_mesh,0.6373551347043462,0.33717689064779277,0.935383382293199,-0.05,0.05,0.0,0.4346122741699219,6.504724502563477,24449,0.5980821448665574,48574,40879,,1755,0003,0.6182336182336182,1085,9.00341796875,9.126953125,32.20416259765625,61.62544631958008,data_caiwangcun/query/images/exif_test/0003.JPG,9001,9000,docs/experiments/dom_dsm_prepare/query_render_pose_residual_grid/renders/003_0003/render_photo69_dpm0p05_drp0p05_dyp0p00.png,16.344940531999782,True,R_perturbed = R_xml.T @ R_delta_camera_local_xyz,0.25,ok,69
gpu_mesh,0.6329207659967505,0.4277421033577111,0.9547129943550889,0.0,-0.1,0.0,0.6022500395774841,6.504312515258789,23882,0.569880926814136,48574,41907,,1756,0003,0.6611617312072893,1161,20.088134765625,8.806884765625,35.18023681640625,77.06148529052734,data_caiwangcun/query/images/exif_test/0003.JPG,9001,9001,docs/experiments/dom_dsm_prepare/query_render_pose_residual_grid/renders/003_0003/render_photo69_dpp0p00_drm0p10_dyp0p00.png,16.47484653499987,True,R_perturbed = R_xml.T @ R_delta_camera_local_xyz,0.25,ok,69
gpu_mesh,0.6012864154698968,0.39235608773019914,0.9650357698444846,0.0,0.0,-0.1,0.5909648537635803,6.58555793762207,23648,0.5722859493732152,48574,41322,,1778,0003,0.6181102362204725,1099,14.73486328125,13.899658203125,34.370155334472656,71.5788803100586,data_caiwangcun/query/images/exif_test/0003.JPG,9001,9001,docs/experiments/dom_dsm_prepare/query_render_pose_residual_grid/renders/003_0003/render_photo69_dpp0p00_drp0p00_dym0p10.png,16.190230258000156,True,R_perturbed = R_xml.T @ R_delta_camera_local_xyz,0.25,ok,69
gpu_mesh,0.6686469255794745,0.40912482433979863,0.9548379765071977,0.0,0.0,0.1,0.5070857405662537,6.483923435211182,24359,0.5888367820537613,48574,41368,,1769,0003,0.6732617297908423,1191,13.005615234375,8.3250732421875,31.848302841186523,69.80107879638672,data_caiwangcun/query/images/exif_test/0003.JPG,9001,9001,docs/experiments/dom_dsm_prepare/query_render_pose_residual_grid/renders/003_0003/render_photo69_dpp0p00_drp0p00_dyp0p10.png,16.186580779999986,True,R_perturbed = R_xml.T @ R_delta_camera_local_xyz,0.25,ok,69
gpu_mesh,0.6786872388829631,0.3656304719365998,0.9236725742056632,0.0,0.1,0.0,0.49858325719833374,6.553743362426758,24012,0.5764909248055315,48574,41652,,1752,0003,0.6592465753424658,1155,8.3330078125,12.915771484375,33.60047149658203,72.79912567138672,data_caiwangcun/query/images/exif_test/0003.JPG,9001,9000,docs/experiments/dom_dsm_prepare/query_render_pose_residual_grid/renders/003_0003/render_photo69_dpp0p00_drp0p10_dyp0p00.png,16.767521278000004,True,R_perturbed = R_xml.T @ R_delta_camera_local_xyz,0.25,ok,69
gpu_mesh,0.6548771159311666,0.22002191751464625,0.9694560737306391,0.05,-0.05,0.0,0.4385332465171814,6.718111991882324,23134,0.5587382861559269,48574,41404,,1766,0003,0.608154020385051,1074,10.936279296875,12.093719482421875,32.65481948852539,55.539676666259766,data_caiwangcun/query/images/exif_test/0003.JPG,9001,9001,docs/experiments/dom_dsm_prepare/query_render_pose_residual_grid/renders/003_0003/render_photo69_dpp0p05_drm0p05_dyp0p00.png,16.408028620000096,True,R_perturbed = R_xml.T @ R_delta_camera_local_xyz,0.25,ok,69
gpu_mesh,0.681788750198155,0.36387277076749236,0.9458797037600178,0.05,0.05,0.0,0.6074068546295166,6.618253707885742,23397,0.5648447684805176,48574,41422,,1725,0003,0.6510144927536232,1123,11.517822265625,16.428955078125,34.17960739135742,75.57596588134766,data_caiwangcun/query/images/exif_test/0003.JPG,9001,9000,docs/experiments/dom_dsm_prepare/query_render_pose_residual_grid/renders/003_0003/render_photo69_dpp0p05_drp0p05_dyp0p00.png,16.476785942999868,True,R_perturbed = R_xml.T @ R_delta_camera_local_xyz,0.25,ok,69
gpu_mesh,0.6389628424775267,0.2837895650457935,0.9497515327273165,0.1,0.0,0.0,0.44317519664764404,6.680815696716309,22594,0.5463162221631163,48574,41357,,1762,0003,0.6293984108967083,1109,8.42822265625,15.07061767578125,33.88176345825195,57.74493408203125,data_caiwangcun/query/images/exif_test/0003.JPG,9001,9000,docs/experiments/dom_dsm_prepare/query_render_pose_residual_grid/renders/003_0003/render_photo69_dpp0p10_drp0p00_dyp0p00.png,16.143645446999926,True,R_perturbed = R_xml.T @ R_delta_camera_local_xyz,0.25,ok,69
,0.8056272666508881,0.5929120980199118,0.9335415053863931,0.0,0.0,0.0,0.8281695246696472,4.727463722229004,35193,0.5908335431881139,63076,59565,,2028,0004,0.6267258382642998,1271,6.88037109375,32.52294921875,42.10038375854492,115.14176940917969,data_caiwangcun/query/images/exif_test/0004.JPG,9000,9001,docs/experiments/dom_dsm_prepare/query_dom_patch_alignment_batch/images/004_0004/gpu_pinhole_render.png,0.0,False,R_perturbed = R_xml.T @ R_delta_camera_local_xyz,0.25,ok,73
gpu_mesh,0.6992199409201009,0.5775733923703257,0.9364891093353918,-0.05,0.0,0.0,0.7291251420974731,4.73652458190918,35643,0.5993038975014292,63076,59474,,2017,0004,0.6286564204263758,1268,4.4000244140625,23.63238525390625,34.732669830322266,87.02012634277344,data_caiwangcun/query/images/exif_test/0004.JPG,9000,9000,docs/experiments/dom_dsm_prepare/query_render_pose_residual_grid/renders/004_0004/render_photo73_dpm0p05_drp0p00_dyp0p00.png,16.744799754999804,True,R_perturbed = R_xml.T @ R_delta_camera_local_xyz,0.25,ok,73
gpu_mesh,0.7041013451550615,0.5996971364497092,0.9425556406725407,0.0,-0.05,0.0,0.7766122817993164,4.795133590698242,35118,0.5879851321032716,63076,59726,,2032,0004,0.6486220472440944,1318,8.278076171875,26.47064208984375,37.9512939453125,93.945068359375,data_caiwangcun/query/images/exif_test/0004.JPG,9000,9001,docs/experiments/dom_dsm_prepare/query_render_pose_residual_grid/renders/004_0004/render_photo73_dpp0p00_drm0p05_dyp0p00.png,16.63696773899983,True,R_perturbed = R_xml.T @ R_delta_camera_local_xyz,0.25,ok,73
gpu_mesh,0.6755466908735159,0.5673376737855453,0.9487464999089976,0.0,0.0,-0.05,0.7419247031211853,4.8000688552856445,34905,0.5829742459164244,63076,59874,,2033,0004,0.6542056074766355,1330,5.387451171875,26.3646240234375,38.125301361083984,88.89056396484375,data_caiwangcun/query/images/exif_test/0004.JPG,9000,9000,docs/experiments/dom_dsm_prepare/query_render_pose_residual_grid/renders/004_0004/render_photo73_dpp0p00_drp0p00_dym0p05.png,17.194242838000264,True,R_perturbed = R_xml.T @ R_delta_camera_local_xyz,0.25,ok,73
gpu_mesh,0.7279181930686272,0.6040527057248741,0.9404874476538789,0.0,0.0,0.05,0.7780815362930298,4.630725383758545,35378,0.5939194520455957,63076,59567,,2043,0004,0.6470876162506118,1322,5.8228759765625,26.7894287109375,37.804874420166016,97.29419708251953,data_caiwangcun/query/images/exif_test/0004.JPG,9000,9000,docs/experiments/dom_dsm_prepare/query_render_pose_residual_grid/renders/004_0004/render_photo73_dpp0p00_drp0p00_dyp0p05.png,18.500968321000073,True,R_perturbed = R_xml.T @ R_delta_camera_local_xyz,0.25,ok,73
gpu_mesh,0.5452350228362809,0.51034158935847,0.9540968046966006,0.0,0.05,0.0,0.6200644373893738,4.751909255981445,34855,0.5890454944906375,63076,59172,,2040,0004,0.5955882352941176,1215,-1.3408203125,21.056396484375,34.78357696533203,64.72756958007812,data_caiwangcun/query/images/exif_test/0004.JPG,9000,9001,docs/experiments/dom_dsm_prepare/query_render_pose_residual_grid/renders/004_0004/render_photo73_dpp0p00_drp0p05_dyp0p00.png,16.132155828000123,True,R_perturbed = R_xml.T @ R_delta_camera_local_xyz,0.25,ok,73
gpu_mesh,0.5715424470953466,0.5527307665276504,0.9598724803520389,0.05,0.0,0.0,0.731037437915802,4.829293251037598,34180,0.574067853543836,63076,59540,,2038,0004,0.6187438665358195,1261,1.706787109375,26.870361328125,36.720184326171875,73.75774383544922,data_caiwangcun/query/images/exif_test/0004.JPG,9000,9000,docs/experiments/dom_dsm_prepare/query_render_pose_residual_grid/renders/004_0004/render_photo73_dpp0p05_drp0p00_dyp0p00.png,17.71552498999972,True,R_perturbed = R_xml.T @ R_delta_camera_local_xyz,0.25,ok,73
gpu_mesh,0.5467724238251854,0.5172022584720125,0.9238804634694542,-0.1,0.0,0.0,0.4409611225128174,4.675851821899414,36307,0.6130764424781749,63076,59221,,2055,0004,0.6238442822384428,1282,3.6282958984375,12.8084716796875,32.483192443847656,62.91710662841797,data_caiwangcun/query/images/exif_test/0004.JPG,9000,9000,docs/experiments/dom_dsm_prepare/query_render_pose_residual_grid/renders/004_0004/render_photo73_dpm0p10_drp0p00_dyp0p00.png,14.53359548499975,True,R_perturbed = R_xml.T @ R_delta_camera_local_xyz,0.25,ok,73
gpu_mesh,0.6484927833581191,0.5852089124597526,0.9381482250942099,-0.05,-0.05,0.0,0.7104933261871338,4.7050371170043945,35680,0.5982562038900067,63076,59640,,2052,0004,0.6301169590643275,1293,8.721435546875,22.377685546875,35.35945510864258,79.74400329589844,data_caiwangcun/query/images/exif_test/0004.JPG,9000,9000,docs/experiments/dom_dsm_prepare/query_render_pose_residual_grid/renders/004_0004/render_photo73_dpm0p05_drm0p05_dyp0p00.png,17.34548599899972,True,R_perturbed = R_xml.T @ R_delta_camera_local_xyz,0.25,ok,73
gpu_mesh,0.5726234241306429,0.506164526616099,0.9402424491639797,-0.05,0.05,0.0,0.5119142532348633,4.731357574462891,35890,0.6057588441803943,63076,59248,,2070,0004,0.6222222222222222,1288,-1.5682373046875,17.5682373046875,35.02375793457031,63.940372467041016,data_caiwangcun/query/images/exif_test/0004.JPG,9000,9001,docs/experiments/dom_dsm_prepare/query_render_pose_residual_grid/renders/004_0004/render_photo73_dpm0p05_drp0p05_dyp0p00.png,16.641728490999867,True,R_perturbed = R_xml.T @ R_delta_camera_local_xyz,0.25,ok,73
gpu_mesh,0.6840784297972686,0.5429144831350672,0.9302517976464864,0.0,-0.1,0.0,0.7600275874137878,4.79863166809082,34970,0.5869714822834315,63076,59577,,2030,0004,0.6073891625615764,1233,14.158447265625,22.4420166015625,36.635440826416016,84.67771911621094,data_caiwangcun/query/images/exif_test/0004.JPG,9000,9000,docs/experiments/dom_dsm_prepare/query_render_pose_residual_grid/renders/004_0004/render_photo73_dpp0p00_drm0p10_dyp0p00.png,15.318205986999601,True,R_perturbed = R_xml.T @ R_delta_camera_local_xyz,0.25,ok,73
gpu_mesh,0.7608360567946084,0.5677734502978313,0.9439152599246815,0.0,0.0,-0.1,0.7519874572753906,4.845949172973633,34447,0.5778825345165999,63076,59609,,2039,0004,0.6012751348700344,1226,5.79150390625,26.4937744140625,38.03541564941406,110.96319580078125,data_caiwangcun/query/images/exif_test/0004.JPG,9000,9000,docs/experiments/dom_dsm_prepare/query_render_pose_residual_grid/renders/004_0004/render_photo73_dpp0p00_drp0p00_dym0p10.png,17.653908021000007,True,R_perturbed = R_xml.T @ R_delta_camera_local_xyz,0.25,ok,73
gpu_mesh,0.6362047081248164,0.5767374529975726,0.9538573446189571,0.0,0.0,0.1,0.7237831950187683,4.6201171875,35381,0.5979651506701145,63076,59169,,2030,0004,0.5995073891625615,1217,3.66845703125,23.13427734375,33.00051498413086,71.8563232421875,data_caiwangcun/query/images/exif_test/0004.JPG,9000,9000,docs/experiments/dom_dsm_prepare/query_render_pose_residual_grid/renders/004_0004/render_photo73_dpp0p00_drp0p00_dyp0p10.png,18.446692365999752,True,R_perturbed = R_xml.T @ R_delta_camera_local_xyz,0.25,ok,73
gpu_mesh,0.5788388468758463,0.5329367341067194,0.931562612285455,0.0,0.1,0.0,0.6777907609939575,4.738253116607666,34985,0.588082030593377,63076,59490,,2032,0004,0.577755905511811,1174,-3.3028564453125,22.3118896484375,36.25150680541992,67.03157043457031,data_caiwangcun/query/images/exif_test/0004.JPG,9000,9000,docs/experiments/dom_dsm_prepare/query_render_pose_residual_grid/renders/004_0004/render_photo73_dpp0p00_drp0p10_dyp0p00.png,16.99259137099989,True,R_perturbed = R_xml.T @ R_delta_camera_local_xyz,0.25,ok,73
gpu_mesh,0.742474168107935,0.5986045630280025,0.9438778757924111,0.05,-0.05,0.0,0.8319968581199646,4.818653106689453,34514,0.5790939597315437,63076,59600,,2048,0004,0.64404296875,1319,10.611083984375,31.468505859375,41.361270904541016,106.30690002441406,data_caiwangcun/query/images/exif_test/0004.JPG,9000,9000,docs/experiments/dom_dsm_prepare/query_render_pose_residual_grid/renders/004_0004/render_photo73_dpp0p05_drm0p05_dyp0p00.png,17.360962463999385,True,R_perturbed = R_xml.T @ R_delta_camera_local_xyz,0.25,ok,73
gpu_mesh,0.5671597247789631,0.55170495138325,0.9539847427043415,0.05,0.05,0.0,0.7124447822570801,4.821055889129639,34074,0.5734432850891955,63076,59420,,2044,0004,0.6154598825831703,1258,-0.454345703125,25.77642822265625,36.78931427001953,71.86750793457031,data_caiwangcun/query/images/exif_test/0004.JPG,9000,9000,docs/experiments/dom_dsm_prepare/query_render_pose_residual_grid/renders/004_0004/render_photo73_dpp0p05_drp0p05_dyp0p00.png,16.53965060200062,True,R_perturbed = R_xml.T @ R_delta_camera_local_xyz,0.25,ok,73
gpu_mesh,0.796167845766543,0.5735352708820192,0.9405546933954142,0.1,0.0,0.0,0.8587532639503479,4.820455551147461,33861,0.5694465465919983,63076,59463,,2042,0004,0.6145935357492655,1255,4.03564453125,39.442138671875,47.1674919128418,113.93415069580078,data_caiwangcun/query/images/exif_test/0004.JPG,9000,9000,docs/experiments/dom_dsm_prepare/query_render_pose_residual_grid/renders/004_0004/render_photo73_dpp0p10_drp0p00_dyp0p00.png,15.789698491999843,True,R_perturbed = R_xml.T @ R_delta_camera_local_xyz,0.25,ok,73
