accepted_texture,best_dx_px,best_dy_px,center_x,center_y,dom_depth,dom_dom_col,dom_dom_hit,dom_dom_row,dom_dom_sampling_mode,dom_dsm_height,dom_dsm_sampling_mode,dom_hit,dom_patch_rel,dom_ray_refine_iters,dom_x_raster,dom_y_raster,dom_z_ray,edge_chamfer_after,edge_chamfer_before,edge_chamfer_improvement,edge_overlap_after,edge_overlap_before,edge_overlay_after_rel,edge_overlay_before_rel,high_confidence,index,ncc_score,offset_norm_px,overlay_after_rel,overlay_before_rel,patch_rel_dir,phase_dx_px,phase_dy_px,phase_response,query_dom_gradient_orientation,query_dom_hist_distance,query_dom_ncc,query_dom_ssim,query_edge_count,query_gradient,query_patch_rel,query_render_gradient_orientation,query_render_hist_distance,query_render_ncc,query_render_ssim,render_dom_gradient_orientation,render_dom_hist_distance,render_dom_ncc,render_dom_ssim,render_edge_count,render_gradient,render_patch_rel,texture_score,triplet_rel
True,3.0,32.0,3792,2256,372.4892578125,7696,True,11856,bilinear,20.90682029724121,bilinear,True,patches/patch_000/dom.png,10,254461.57920168855,3364029.445517797,20.90626024327878,2.3251445293426514,3.847846508026123,1.5227019786834717,1.2210462039487076,0.9152471083070453,patches/patch_000/edge_overlay_after.png,patches/patch_000/edge_overlay_before.png,True,0,0.6739374399185181,32.14031735997639,patches/patch_000/overlay_after.png,patches/patch_000/overlay_before.png,patches/patch_000,2.051820839083234,32.128705994169096,0.5434265406802297,0.6514098644256592,0.6795964465180996,0.13250058889389038,0.1455064311262205,7859,117.74190521240234,patches/patch_000/query.png,0.8179430365562439,0.6458705439551449,0.6739369630813599,0.6735151604072768,0.6500096917152405,0.23091782276306896,0.11806967109441757,0.13211381737750563,4755,95.26531982421875,patches/patch_000/render.png,142.81531982421876,patches/patch_000/triplet_query_render_dom.png
True,27.0,49.0,4304,2256,375.5380859375,8023,True,11671,bilinear,18.446361541748047,bilinear,True,patches/patch_001/dom.png,10,254507.3911514162,3364055.336073384,18.443381424561835,4.912489891052246,6.4956746101379395,1.5831847190856934,0.9110334110334111,0.6391643059490085,patches/patch_001/edge_overlay_after.png,patches/patch_001/edge_overlay_before.png,False,1,0.5542058944702148,55.94640292279746,patches/patch_001/overlay_after.png,patches/patch_001/overlay_before.png,patches/patch_001,-14.208521838911935,34.865564352834625,0.01942620618501678,0.6345641613006592,0.549293085093468,0.10844673961400986,0.12115182110315637,6536,113.28850555419922,patches/patch_001/query.png,0.725892186164856,0.511970609664249,0.554205596446991,0.5527056145701464,0.6441431641578674,0.22645867446742377,0.1497102826833725,0.16187781978330976,2824,73.73945617675781,patches/patch_001/render.png,101.97945617675782,patches/patch_001/triplet_query_render_dom.png
True,77.0,66.0,4816,2256,376.0751953125,8345,True,11487,bilinear,18.480243682861328,bilinear,True,patches/patch_002/dom.png,10,254552.51396134417,3364081.1218093764,18.48047468533889,3.9745612144470215,15.318483352661133,11.343922138214111,0.8162635100360268,0.3517294986397202,patches/patch_002/edge_overlay_after.png,patches/patch_002/edge_overlay_before.png,False,2,0.6606447696685791,101.41498903022176,patches/patch_002/overlay_after.png,patches/patch_002/overlay_before.png,patches/patch_002,52.5955985966704,-21.868505839299218,0.013609462941531092,0.6482479572296143,0.547302562439808,0.13863863050937653,0.1511852078720714,2573,74.35171508789062,patches/patch_002/query.png,0.6988541483879089,0.46982340514604454,0.6606449484825134,0.6592529637977445,0.630861222743988,0.2680496599151144,0.13498929142951965,0.1459493994594254,3226,73.59693145751953,patches/patch_002/render.png,99.32693145751954,patches/patch_002/triplet_query_render_dom.png
True,-39.0,6.0,1232,208,374.9111328125,5372,True,11492,bilinear,11.323999404907227,bilinear,True,patches/patch_003/dom.png,10,254136.1784767616,3364080.429733549,11.323643507904137,12.897856712341309,10.992732048034668,-1.9051246643066406,0.2066182405165456,0.24446142093200918,patches/patch_003/edge_overlay_after.png,patches/patch_003/edge_overlay_before.png,False,3,0.16113798320293427,39.45883931389772,patches/patch_003/overlay_after.png,patches/patch_003/overlay_before.png,patches/patch_003,-15.631779660049745,-11.17724493198898,0.01611632015556097,0.6480875015258789,0.752998607376193,-0.009097198024392128,0.027266104720674634,1922,86.85246276855469,patches/patch_003/query.png,0.646113932132721,0.7948763410241104,0.16113701462745667,0.19131231156838613,0.6422295570373535,0.11713071962414895,0.03514532372355461,0.07275076323901844,1309,84.68592071533203,patches/patch_003/render.png,97.77592071533203,patches/patch_003/triplet_query_render_dom.png
True,3.0,2.0,2768,1744,373.2744140625,6879,True,11902,bilinear,17.91545867919922,bilinear,True,patches/patch_004/dom.png,10,254347.23126017489,3364023.0093068862,17.91499607349715,6.079557418823242,6.911067962646484,0.8315105438232422,1.1634223630602083,0.7845584835876098,patches/patch_004/edge_overlay_after.png,patches/patch_004/edge_overlay_before.png,False,4,0.8019479513168335,3.605551275463989,patches/patch_004/overlay_after.png,patches/patch_004/overlay_before.png,patches/patch_004,3.745674164332357,1.3272764194412616,0.686978419078514,0.6523754596710205,0.5250703961511641,0.25417470932006836,0.260557268517983,4779,116.37642669677734,patches/patch_004/query.png,0.8170520067214966,0.5351412172673601,0.8019478917121887,0.7906739189024795,0.6520079374313354,0.126893346909879,0.246660515666008,0.2581774297621697,2163,67.39812469482422,patches/patch_004/render.png,89.02812469482421,patches/patch_004/triplet_query_render_dom.png
True,15.0,27.0,3792,1744,365.4033203125,7501,True,11548,bilinear,26.898387908935547,bilinear,True,patches/patch_005/dom.png,10,254434.30700470533,3364072.550171792,26.89945435181204,7.75694465637207,10.582742691040039,2.8257980346679688,0.886908077994429,0.6050463439752832,patches/patch_005/edge_overlay_after.png,patches/patch_005/edge_overlay_before.png,True,5,0.7059990167617798,30.886890422961002,patches/patch_005/overlay_after.png,patches/patch_005/overlay_before.png,patches/patch_005,15.824687820605774,26.478608217449192,0.25097880186513066,0.6414526700973511,0.47995762911264966,0.09543818980455399,0.10485528971078253,6233,124.3945541381836,patches/patch_005/query.png,0.7300074100494385,0.5324360144602845,0.7059991359710693,0.6988078948014472,0.6465853452682495,0.16343441597570643,0.10934519022703171,0.12297347527791594,1942,67.01974487304688,patches/patch_005/render.png,86.43974487304688,patches/patch_005/triplet_query_render_dom.png
True,33.0,23.0,3792,1232,365.7333984375,7323,True,11236,bilinear,25.512277603149414,bilinear,True,patches/patch_006/dom.png,10,254409.4029688484,3364116.2599363043,25.51422122185869,5.017022132873535,8.690019607543945,3.67299747467041,0.8785425101214575,0.526595744680851,patches/patch_006/edge_overlay_after.png,patches/patch_006/edge_overlay_before.png,True,6,0.641208291053772,40.22437072223753,patches/patch_006/overlay_after.png,patches/patch_006/overlay_before.png,patches/patch_006,33.53674476831321,21.378769552164655,0.1558374788146466,0.6295431852340698,0.3304381753082464,0.12023617327213287,0.1286618094512687,5537,123.86734771728516,patches/patch_006/query.png,0.7861230373382568,0.3201818353660337,0.6412085890769958,0.6260115240826598,0.6536940932273865,0.18917055460851573,0.12488947063684464,0.13910902414690113,1880,63.71332931518555,patches/patch_006/render.png,82.51332931518554,patches/patch_006/triplet_query_render_dom.png
True,17.0,0.0,2768,1232,372.6533203125,6698,True,11585,bilinear,17.460628509521484,bilinear,True,patches/patch_007/dom.png,10,254321.75813607214,3364067.4488052055,17.460520549954936,6.308403968811035,8.868972778320312,2.5605688095092773,1.0637184973846885,0.5846560846560847,patches/patch_007/edge_overlay_after.png,patches/patch_007/edge_overlay_before.png,True,7,0.8100524544715881,17.0,patches/patch_007/overlay_after.png,patches/patch_007/overlay_before.png,patches/patch_007,17.92328994855565,-0.9831336181524648,0.5995660088374279,0.6606121063232422,0.44167187438947325,0.2847946882247925,0.2914291200207998,3985,106.60676574707031,patches/patch_007/query.png,0.7856475710868835,0.46050403613125684,0.8100523352622986,0.7996207067012604,0.6622858047485352,0.15094082980001422,0.3080863356590271,0.31958635963950305,1890,58.9527587890625,patches/patch_007/render.png,77.8527587890625,patches/patch_007/triplet_query_render_dom.png
True,6.0,15.0,3280,1744,370.3291015625,7195,True,11722,bilinear,21.423728942871094,bilinear,True,patches/patch_008/dom.png,10,254391.37522851527,3364048.1695540296,21.423873572606055,5.986519813537598,6.548926830291748,0.5624070167541504,0.7879098360655737,0.5969173283512378,patches/patch_008/edge_overlay_after.png,patches/patch_008/edge_overlay_before.png,False,8,0.7021341323852539,16.15549442140351,patches/patch_008/overlay_after.png,patches/patch_008/overlay_before.png,patches/patch_008,6.178778246582652,14.933579603166663,0.49783190432935953,0.6480177044868469,0.7204839668155125,-0.028279922902584076,-0.009689613619515135,3952,90.76692199707031,patches/patch_008/query.png,0.7616744041442871,0.7225483565000811,0.7021334767341614,0.6958881287043299,0.6539002060890198,0.176348072768738,-0.04837982356548309,-0.026947969381547487,2141,54.977027893066406,patches/patch_008/render.png,76.3870278930664,patches/patch_008/triplet_query_render_dom.png
True,20.0,11.0,3280,1232,372.1748046875,7015,True,11403,bilinear,18.504850387573242,bilinear,True,patches/patch_009/dom.png,10,254366.200447649,3364092.8102995832,18.505313112841577,5.422728538513184,8.243537902832031,2.8208093643188477,0.9512508017960231,0.48660714285714285,patches/patch_009/edge_overlay_after.png,patches/patch_009/edge_overlay_before.png,True,9,0.7907828688621521,22.825424421026653,patches/patch_009/overlay_after.png,patches/patch_009/overlay_before.png,patches/patch_009,20.81529274271037,9.869701172325463,0.3641473581083119,0.6360583901405334,0.5012916034479006,0.10499647259712219,0.10940672109540545,5495,116.1366195678711,patches/patch_009/query.png,0.7479718923568726,0.49473242002300266,0.7907827496528625,0.7768734997009281,0.644102931022644,0.18975540220610174,0.0627368837594986,0.07286937810408009,1568,56.27773666381836,patches/patch_009/render.png,71.95773666381837,patches/patch_009/triplet_query_render_dom.png
True,27.0,40.0,4816,1232,368.6923828125,7956,True,10870,bilinear,23.672740936279297,bilinear,True,patches/patch_010/dom.png,10,254497.96711018344,3364167.5885155792,23.672563027308456,12.931719779968262,20.381999969482422,7.45028018951416,0.26903553299492383,0.2756981580510992,patches/patch_010/edge_overlay_after.png,patches/patch_010/edge_overlay_before.png,False,10,0.15570347011089325,48.25971404805462,patches/patch_010/overlay_after.png,patches/patch_010/overlay_before.png,patches/patch_010,54.98508324491577,-2.498365372629479,0.02865335054229945,0.6508912444114685,0.6340498389553825,-0.033693283796310425,-0.017647495915931077,3400,81.86114501953125,patches/patch_010/query.png,0.648208498954773,0.653314830846596,0.15570366382598877,0.16662707185928188,0.6475939154624939,0.25486260507686564,0.003666308242827654,0.017906272276290765,1683,52.694366455078125,patches/patch_010/render.png,69.52436645507812,patches/patch_010/triplet_query_render_dom.png
True,-9.0,-77.0,1232,720,375.2451171875,5554,True,11811,bilinear,12.068257331848145,bilinear,True,patches/patch_011/dom.png,10,254161.63536324687,3364035.7166236513,12.068469585003015,15.281896591186523,33.3995246887207,18.11762809753418,0.1871345029239766,0.022321428571428572,patches/patch_011/edge_overlay_after.png,patches/patch_011/edge_overlay_before.png,False,11,0.41872361302375793,77.52418977325722,patches/patch_011/overlay_after.png,patches/patch_011/overlay_before.png,patches/patch_011,-12.71399424117763,15.226017594270346,0.012608477554749697,0.633609414100647,0.7406498457397872,0.08586186170578003,0.12195018693613477,789,78.68650817871094,patches/patch_011/query.png,0.7020714282989502,0.8570260884659694,0.41872385144233704,0.4331842548586509,0.6490444540977478,0.2824091783394326,0.09222310781478882,0.1380278838773314,224,65.6651611328125,patches/patch_011/render.png,67.9051611328125,patches/patch_011/triplet_query_render_dom.png
True,80.0,-30.0,3792,208,359.4736328125,6964,True,10637,bilinear,29.700223922729492,bilinear,True,patches/patch_012/dom.png,10,254359.09897757735,3364200.121377182,29.701024249573152,7.374007225036621,10.388059616088867,3.014052391052246,0.7864911276473955,0.2970200293111871,patches/patch_012/edge_overlay_after.png,patches/patch_012/edge_overlay_before.png,True,12,0.48412787914276123,85.44003745317531,patches/patch_012/overlay_after.png,patches/patch_012/overlay_before.png,patches/patch_012,36.25520356210242,33.726298733099455,0.046091860451269895,0.6402835249900818,0.6301964416060396,-0.03219449520111084,-0.016655401625676153,4226,68.92588806152344,patches/patch_012/query.png,0.697444498538971,0.6670038212731383,0.4841274321079254,0.4899412384860027,0.6250274777412415,0.2903568217772314,-0.04779663681983948,-0.030578639185824565,2047,47.42026901245117,patches/patch_012/render.png,67.89026901245117,patches/patch_012/triplet_query_render_dom.png
True,62.0,-32.0,3280,208,366.2490234375,6655,True,10790,bilinear,22.32828712463379,bilinear,True,patches/patch_013/dom.png,10,254315.7408686319,3364178.7974459818,22.32784723458809,9.444515228271484,19.41155242919922,9.967037200927734,0.7153954802259888,0.1713197969543147,patches/patch_013/edge_overlay_after.png,patches/patch_013/edge_overlay_before.png,True,13,0.6624017953872681,69.77105417004964,patches/patch_013/overlay_after.png,patches/patch_013/overlay_before.png,patches/patch_013,61.13240920325072,-31.74773983680575,0.19883860659319907,0.6558943390846252,0.6288597456872815,0.10555171221494675,0.11751304580496064,3867,68.21630859375,patches/patch_013/query.png,0.7136473655700684,0.7081326171377846,0.6624020338058472,0.6636439699234102,0.6456431746482849,0.19308837865866607,0.11393684893846512,0.12640520361411592,1576,47.912986755371094,patches/patch_013/render.png,63.67298675537109,patches/patch_013/triplet_query_render_dom.png
True,59.0,2.0,3792,720,361.7255859375,7142,True,10937,bilinear,28.47998809814453,bilinear,True,patches/patch_014/dom.png,10,254383.93138631684,3364158.187555497,28.479444553936105,10.112085342407227,15.236101150512695,5.124015808105469,0.7471698113207547,0.3153203342618384,patches/patch_014/edge_overlay_after.png,patches/patch_014/edge_overlay_before.png,True,14,0.6003584861755371,59.033888572581766,patches/patch_014/overlay_after.png,patches/patch_014/overlay_before.png,patches/patch_014,54.99931787287147,1.920992084296273,0.18134664435638115,0.6525228023529053,0.6340575544305708,0.1898118555545807,0.19061151192939607,3842,69.58262634277344,patches/patch_014/query.png,0.7065430879592896,0.6685764736783546,0.600358247756958,0.6057254519357741,0.6334906220436096,0.283223196219081,0.1982177346944809,0.2014886963220485,1795,44.83707046508789,patches/patch_014/render.png,62.78707046508789,patches/patch_014/triplet_query_render_dom.png
True,-2.0,-27.0,1744,1744,373.7802734375,6242,True,12267,bilinear,16.27402114868164,bilinear,True,patches/patch_015/dom.png,10,254258.02050684145,3363971.9284101054,16.27474359874543,15.503866195678711,20.48946189880371,4.985595703125,0.9830508474576272,0.4041916167664671,patches/patch_015/edge_overlay_after.png,patches/patch_015/edge_overlay_before.png,True,15,0.612922728061676,27.073972741361768,patches/patch_015/overlay_after.png,patches/patch_015/overlay_before.png,patches/patch_015,-3.0379462872242584,-26.648421964384397,0.5232569685904309,0.6349925398826599,0.39701193608105584,0.07194922119379044,0.10755047989636217,1990,95.94520568847656,patches/patch_015/query.png,0.7078737020492554,0.38274980169777173,0.6129229664802551,0.612040648621468,0.6397625803947449,0.1600771546668079,0.07076076418161392,0.11583507928470434,334,59.347904205322266,patches/patch_015/render.png,62.68790420532227,patches/patch_015/triplet_query_render_dom.png
True,-23.0,7.0,2768,2768,364.1064453125,7234,True,12526,bilinear,29.191713333129883,bilinear,True,patches/patch_016/dom.png,10,254396.8181140314,3363935.6125274138,29.190951749798273,18.112424850463867,20.99139976501465,2.8789749145507812,0.9163498098859315,0.3041825095057034,patches/patch_016/edge_overlay_after.png,patches/patch_016/edge_overlay_before.png,True,16,0.6569368839263916,24.041630560342615,patches/patch_016/overlay_after.png,patches/patch_016/overlay_before.png,patches/patch_016,-23.718814650130156,8.29231132563288,0.2943738482426852,0.6337341666221619,0.41753149512774174,0.08558458089828491,0.11140949122887608,2328,91.54607391357422,patches/patch_016/query.png,0.7012863159179688,0.380050438411656,0.656936764717102,0.6375886487770459,0.641221821308136,0.1449525545635555,0.06591133028268814,0.10974374105940918,263,58.15746307373047,patches/patch_016/render.png,60.78746307373047,patches/patch_016/triplet_query_render_dom.png
True,-50.0,78.0,4304,208,360.2705078125,7272,True,10458,bilinear,29.44646644592285,bilinear,True,patches/patch_017/dom.png,10,254402.1381660833,3364225.188718785,29.445740776494006,13.462509155273438,11.87936019897461,-1.5831489562988281,0.43444576877234803,0.35710337202874515,patches/patch_017/edge_overlay_after.png,patches/patch_017/edge_overlay_before.png,False,17,0.21026812493801117,92.64987857520376,patches/patch_017/overlay_after.png,patches/patch_017/overlay_before.png,patches/patch_017,65.15250571332498,-54.4100453479258,0.0014459649682976305,0.6535482406616211,0.5891998752133096,-0.1120200902223587,-0.09479253865511661,3297,65.49122619628906,patches/patch_017/query.png,0.5899279117584229,0.7150064524596155,0.21026840806007385,0.22088698891074524,0.6454174518585205,0.36670765100496705,-0.07143998891115189,-0.05752277859666671,1809,41.990299224853516,patches/patch_017/render.png,60.08029922485352,patches/patch_017/triplet_query_render_dom.png
True,40.0,39.0,4304,1744,374.4970703125,7837,True,11353,bilinear,18.395320892333984,bilinear,True,patches/patch_018/dom.png,10,254481.34047279746,3364099.8838291857,18.396011171249768,6.602558612823486,12.585620880126953,5.983062267303467,0.7985739750445633,0.2827298050139276,patches/patch_018/edge_overlay_after.png,patches/patch_018/edge_overlay_before.png,True,18,0.7990812659263611,55.86591089385369,patches/patch_018/overlay_after.png,patches/patch_018/overlay_before.png,patches/patch_018,38.85426639833835,37.045339839224965,0.46825649187667295,0.6498092412948608,0.6597036888068456,0.11532298475503922,0.13023893240659898,2566,62.25817108154297,patches/patch_018/query.png,0.7442841529846191,0.6346747833613954,0.7990809679031372,0.7971075105169302,0.6448444128036499,0.22060759639181182,0.11184310913085938,0.12887723781300273,1436,45.41265106201172,patches/patch_018/render.png,59.77265106201172,patches/patch_018/triplet_query_render_dom.png
True,40.0,-2.0,3280,720,361.1396484375,6833,True,11115,bilinear,28.51895523071289,bilinear,True,patches/patch_019/dom.png,10,254340.7594298363,3364133.246387251,28.519467562437455,6.445494651794434,14.89096450805664,8.445469856262207,0.8438071995118975,0.2507462686567164,patches/patch_019/edge_overlay_after.png,patches/patch_019/edge_overlay_before.png,False,19,0.7345883250236511,40.049968789001575,patches/patch_019/overlay_after.png,patches/patch_019/overlay_before.png,patches/patch_019,31.859123175586433,0.4892584243397664,0.010215170681476593,0.6453782916069031,0.6368169229223247,0.08896631002426147,0.1016643258729141,3873,65.446533203125,patches/patch_019/query.png,0.7425255179405212,0.7192030640088478,0.7345888018608093,0.7311432483161502,0.6157656311988831,0.259166642559183,0.11014419794082642,0.12377544907031392,1675,42.38885498046875,patches/patch_019/render.png,59.13885498046875,patches/patch_019/triplet_query_render_dom.png
True,35.0,-55.0,2256,208,374.4111328125,6013,True,11127,bilinear,12.966141700744629,bilinear,True,patches/patch_020/dom.png,10,254225.82143478122,3364131.520743026,12.966553690156388,5.28042459487915,14.097249984741211,8.81682538986206,0.8008474576271186,0.3587487781036168,patches/patch_020/edge_overlay_after.png,patches/patch_020/edge_overlay_before.png,True,20,0.5821408629417419,65.19202405202648,patches/patch_020/overlay_after.png,patches/patch_020/overlay_before.png,patches/patch_020,35.62105743090882,-51.00542252904259,0.19423621200257912,0.6307196021080017,0.39577110376072117,0.08499020338058472,0.10728974020713501,2665,75.78536987304688,patches/patch_020/query.png,0.7167921662330627,0.45287742557961946,0.5821414589881897,0.5838129347593999,0.6379367709159851,0.1942851267921271,0.06464497745037079,0.0939492541621135,1023,48.49821472167969,patches/patch_020/render.png,58.72821472167969,patches/patch_020/triplet_query_render_dom.png
True,54.0,80.0,4816,2768,370.9501953125,8506,True,11811,bilinear,24.63302993774414,bilinear,True,patches/patch_021/dom.png,10,254574.9682333047,3364035.7878046203,24.633653259722223,52.59528350830078,29.943222045898438,-22.652061462402344,0.0,0.05865921787709497,patches/patch_021/edge_overlay_after.png,patches/patch_021/edge_overlay_before.png,False,21,0.21187813580036163,96.51942809610924,patches/patch_021/overlay_after.png,patches/patch_021/overlay_before.png,patches/patch_021,-5.836364397997841,8.8645777476044,-0.008251087972894311,0.6430333852767944,0.362188815141055,-0.010905414819717407,0.03696801313721461,433,68.85889434814453,patches/patch_021/query.png,0.6576234698295593,0.3319521266907663,0.2118774652481079,0.24392263810379713,0.643359363079071,0.31609901046553535,0.05601552128791809,0.11116777731004673,358,52.58342742919922,patches/patch_021/render.png,56.16342742919922,patches/patch_021/triplet_query_render_dom.png
True,80.0,3.0,4304,720,372.3212890625,7468,True,10722,bilinear,18.4129695892334,bilinear,True,patches/patch_022/dom.png,10,254429.64340003437,3364188.1873037703,18.413225054796897,18.93090057373047,25.746482849121094,6.815582275390625,0.4962162162162162,0.09523809523809523,patches/patch_022/edge_overlay_after.png,patches/patch_022/edge_overlay_before.png,False,22,0.7038279175758362,80.05623023850174,patches/patch_022/overlay_after.png,patches/patch_022/overlay_before.png,patches/patch_022,72.09977813810951,-34.9503984213579,0.014934862905647606,0.6398751735687256,0.5469848177956661,0.00431432481855154,0.01673905909433788,2261,59.78139114379883,patches/patch_022/query.png,0.675256073474884,0.5461434198299192,0.7038282752037048,0.70012077183788,0.6341508030891418,0.21340670439752402,0.04538058117032051,0.05716654151718186,945,45.873260498046875,patches/patch_022/render.png,55.32326049804688,patches/patch_022/triplet_query_render_dom.png
True,50.0,-40.0,2768,208,364.5263671875,6345,True,10973,bilinear,23.510028839111328,bilinear,True,patches/patch_023/dom.png,10,254272.3511054153,3364153.0492816917,23.510830473996577,9.226560592651367,14.24319839477539,5.016637802124023,0.3827252419955324,0.18811881188118812,patches/patch_023/edge_overlay_after.png,patches/patch_023/edge_overlay_before.png,True,23,0.7408080101013184,64.03124237432849,patches/patch_023/overlay_after.png,patches/patch_023/overlay_before.png,patches/patch_023,35.03351222052707,-20.02776978757595,0.06914686609525234,0.6380304098129272,0.5627461262180246,0.3396018445491791,0.3443322385584756,2824,64.17851257324219,patches/patch_023/query.png,0.700295627117157,0.6084266690825703,0.7408082485198975,0.7306550041296449,0.6055606603622437,0.3084434661513446,0.2854718267917633,0.29315318422487247,1212,43.177433013916016,patches/patch_023/render.png,55.29743301391602,patches/patch_023/triplet_query_render_dom.png
True,-58.0,-60.0,720,1744,371.8974609375,5612,True,12629,bilinear,17.036212921142578,bilinear,True,patches/patch_024/dom.png,10,254169.66467218476,3363921.2344178795,17.03601156434729,24.251962661743164,42.800472259521484,18.54850959777832,0.30158730158730157,0.0,patches/patch_024/edge_overlay_after.png,patches/patch_024/edge_overlay_before.png,True,24,0.5663303732872009,83.45058418010026,patches/patch_024/overlay_after.png,patches/patch_024/overlay_before.png,patches/patch_024,24.14632400565307,-1.7070128535497702,0.039844172657467425,0.6393078565597534,0.4790237837282111,0.03242991119623184,0.06997116591426529,312,72.90618133544922,patches/patch_024/query.png,0.6435015797615051,0.4176547385520106,0.5663299560546875,0.5762198111377906,0.6446099281311035,0.238199588810919,0.029457595199346542,0.07183797836724982,211,52.70708465576172,patches/patch_024/render.png,54.81708465576172,patches/patch_024/triplet_query_render_dom.png
True,25.0,-75.0,208,208,372.8212890625,4745,True,11859,bilinear,12.310262680053711,bilinear,True,patches/patch_025/dom.png,10,254048.32551572492,3364029.021297251,12.311163152720667,51.481788635253906,51.078941345214844,-0.4028472900390625,0.0,0.11212121212121212,patches/patch_025/edge_overlay_after.png,patches/patch_025/edge_overlay_before.png,False,25,0.1775517761707306,79.05694150420949,patches/patch_025/overlay_after.png,patches/patch_025/overlay_before.png,patches/patch_025,17.037063710502323,50.967499650667165,-0.01268142886692658,0.6447569131851196,0.6239823796299391,0.06383921205997467,0.09027692945588539,330,51.0634651184082,patches/patch_025/query.png,0.6442087888717651,0.6097141866129013,0.1775512993335724,0.20780382544539336,0.6338186264038086,0.19963561170221883,0.11396230757236481,0.1376867747308869,1579,62.21272659301758,patches/patch_025/render.png,54.3634651184082,patches/patch_025/triplet_query_render_dom.png
True,80.0,-80.0,4816,720,372.4384765625,7786,True,10540,bilinear,18.860994338989258,bilinear,True,patches/patch_026/dom.png,10,254474.12138821455,3364213.7078553266,18.860834670424993,18.13062286376953,18.838539123535156,0.707916259765625,0.1090617481956696,0.13205645161290322,patches/patch_026/edge_overlay_after.png,patches/patch_026/edge_overlay_before.png,False,26,0.15177084505558014,113.13708498984761,patches/patch_026/overlay_after.png,patches/patch_026/overlay_before.png,patches/patch_026,-102.92859872698497,-115.27137277672179,0.0019339713035151362,0.64768385887146,0.4669962681079727,-0.0313015952706337,-0.01653797475741951,1934,58.05730438232422,patches/patch_026/query.png,0.6608988046646118,0.5448275103208676,0.15177127718925476,0.16299938263657104,0.6487717628479004,0.2921099995477101,0.003016155445948243,0.01631143879283673,992,44.102813720703125,patches/patch_026/render.png,54.02281372070313,patches/patch_026/triplet_query_render_dom.png
True,-75.0,-80.0,720,3280,376.5869140625,6147,True,13599,bilinear,15.57705307006836,bilinear,True,patches/patch_027/dom.png,10,254244.70359917823,3363785.376633472,15.577197360582375,40.356285095214844,43.602867126464844,3.24658203125,0.0,0.02390438247011952,patches/patch_027/edge_overlay_after.png,patches/patch_027/edge_overlay_before.png,False,27,0.10847006738185883,109.65856099730654,patches/patch_027/overlay_after.png,patches/patch_027/overlay_before.png,patches/patch_027,-31.845068058371368,-28.09430229510349,0.00824936298886314,0.6425638794898987,0.5692039905632152,-0.030597636476159096,0.021026042309236378,688,62.342559814453125,patches/patch_027/query.png,0.6461700201034546,0.5140809940190461,0.10846953839063644,0.15127570402539525,0.6380112767219543,0.17914666710633678,-0.00940659362822771,0.05359232572448936,251,50.79788589477539,patches/patch_027/render.png,53.30788589477539,patches/patch_027/triplet_query_render_dom.png
True,-8.0,16.0,3280,2256,375.0478515625,7382,True,12038,bilinear,17.793079376220703,bilinear,True,patches/patch_028/dom.png,10,254417.65049344779,3364003.986446748,17.79232365122897,4.456019401550293,7.119594097137451,2.663574695587158,1.1440677966101696,0.5693430656934306,patches/patch_028/edge_overlay_after.png,patches/patch_028/edge_overlay_before.png,True,28,0.8907732963562012,17.88854381999832,patches/patch_028/overlay_after.png,patches/patch_028/overlay_before.png,patches/patch_028,-8.183335566094229,15.228240430233186,0.4152034947182983,0.6337475776672363,0.6447476712621926,0.24396584928035736,0.2511922813939149,3032,71.65342712402344,patches/patch_028/query.png,0.7730632424354553,0.6619595473886004,0.8907734751701355,0.8864292163960505,0.6411120891571045,0.20367284877500205,0.2806524932384491,0.28969278275753846,1370,39.574951171875,patches/patch_028/render.png,53.274951171875,patches/patch_028/triplet_query_render_dom.png
True,33.0,-12.0,2768,720,369.8056640625,6518,True,11273,bilinear,19.24982452392578,bilinear,True,patches/patch_029/dom.png,10,254296.63319787467,3364111.0893218433,19.250377814406306,6.540205955505371,12.707954406738281,6.16774845123291,0.7826725403817915,0.35600335852225024,patches/patch_029/edge_overlay_after.png,patches/patch_029/edge_overlay_before.png,True,29,0.8747575283050537,35.11409973215888,patches/patch_029/overlay_after.png,patches/patch_029/overlay_before.png,patches/patch_029,32.585594906202644,-12.58330426281654,0.40545276761986315,0.6623293161392212,0.6360076784965755,0.3615782856941223,0.3621059731771815,3149,64.76681518554688,patches/patch_029/query.png,0.7459086775779724,0.6937439755284125,0.8747575283050537,0.8701140104608833,0.6580570936203003,0.2820850760940667,0.3410363793373108,0.34782838594521137,1191,41.340576171875,patches/patch_029/render.png,53.250576171875,patches/patch_029/triplet_query_render_dom.png
True,31.0,73.0,4304,2768,380.8271484375,8226,True,11990,bilinear,14.290168762207031,bilinear,True,patches/patch_030/dom.png,10,254535.76370213326,3364010.624793618,14.29004902970405,46.48004913330078,49.09035873413086,2.610309600830078,0.0,0.0,patches/patch_030/edge_overlay_after.png,patches/patch_030/edge_overlay_before.png,False,30,0.5197810530662537,79.30952023559341,patches/patch_030/overlay_after.png,patches/patch_030/overlay_before.png,patches/patch_030,15.709705709908846,15.82874230533497,0.028929700900334865,0.625638484954834,0.5987009821646361,-0.04739530012011528,-0.002072275052772824,252,73.11504364013672,patches/patch_030/query.png,0.6626821160316467,0.6466747138242759,0.5197811126708984,0.5350907796572619,0.6374220252037048,0.3399961788112798,-0.059569042176008224,-0.010069772496962484,234,50.6711311340332,patches/patch_030/render.png,53.01113113403321,patches/patch_030/triplet_query_render_dom.png
True,15.0,-14.0,2256,1232,369.5810546875,6384,True,11769,bilinear,19.98360252380371,bilinear,True,patches/patch_031/dom.png,10,254277.80269015333,3364041.650633713,19.98281156863402,16.78187370300293,29.85660743713379,13.07473373413086,0.7824267782426778,0.4587628865979381,patches/patch_031/edge_overlay_after.png,patches/patch_031/edge_overlay_before.png,True,31,0.551779568195343,20.518284528683193,patches/patch_031/overlay_after.png,patches/patch_031/overlay_before.png,patches/patch_031,14.89075093847805,-14.500540186655257,0.4439050448127091,0.6388185024261475,0.2743580314912516,0.07140801101922989,0.11961517817580644,1593,81.42778015136719,patches/patch_031/query.png,0.694805920124054,0.32596917853508667,0.5517797470092773,0.5591564452763402,0.6304486989974976,0.1333677044757735,0.09308883547782898,0.15300448676698097,194,50.966827392578125,patches/patch_031/render.png,52.90682739257812,patches/patch_031/triplet_query_render_dom.png
True,-33.0,-35.0,1232,2256,373.2763671875,6107,True,12767,bilinear,17.292749404907227,bilinear,True,patches/patch_032/dom.png,10,254239.0859010834,3363901.90363212,17.291935700289287,8.232879638671875,24.42193031311035,16.189050674438477,0.7260579064587973,0.2127659574468085,patches/patch_032/edge_overlay_after.png,patches/patch_032/edge_overlay_before.png,True,32,0.48162081837654114,48.104053883222775,patches/patch_032/overlay_after.png,patches/patch_032/overlay_before.png,patches/patch_032,-33.84053691102153,-34.46729013680624,0.2463854881352745,0.638881504535675,0.49146142549307853,0.023591408506035805,0.07951670565953105,1030,72.20755004882812,patches/patch_032/query.png,0.6867625713348389,0.4472723029460067,0.48162081837654114,0.49870060927960524,0.6283449530601501,0.10146361046445788,0.034058671444654465,0.10383491052921393,282,49.44618606567383,patches/patch_032/render.png,52.26618606567383,patches/patch_032/triplet_query_render_dom.png
True,-7.0,39.0,3792,2768,373.0751953125,7879,True,12174,bilinear,21.398412704467773,bilinear,True,patches/patch_033/dom.png,10,254487.2603983233,3363984.963981841,21.40060050058537,16.628583908081055,19.567726135253906,2.9391422271728516,0.8251748251748252,0.3516624040920716,patches/patch_033/edge_overlay_after.png,patches/patch_033/edge_overlay_before.png,True,33,0.8501647114753723,39.6232255123179,patches/patch_033/overlay_after.png,patches/patch_033/overlay_before.png,patches/patch_033,-5.695604409814365,43.49292059820729,0.2431016763439402,0.6136185526847839,0.6017154698173501,0.42603933811187744,0.4323897364805721,2771,86.56993103027344,patches/patch_033/query.png,0.7878848314285278,0.599759368345612,0.8501647710800171,0.8370396045823908,0.6408702731132507,0.2891551975856992,0.4400044083595276,0.44257925662875286,782,44.37680435180664,patches/patch_033/render.png,52.19680435180664,patches/patch_033/triplet_query_render_dom.png
True,-80.0,-28.0,720,2768,376.5732421875,5964,True,13278,bilinear,14.502646446228027,bilinear,True,patches/patch_034/dom.png,10,254218.97754026714,3363830.3251177026,14.5035848573429,30.496265411376953,43.60721206665039,13.110946655273438,0.15584415584415584,0.0,patches/patch_034/edge_overlay_after.png,patches/patch_034/edge_overlay_before.png,False,34,0.10596826672554016,84.75848040166836,patches/patch_034/overlay_after.png,patches/patch_034/overlay_before.png,patches/patch_034,3.7067099512863564,0.9401880784920849,0.06646114133764058,0.6424903273582458,0.5538197320427994,0.011458901688456535,0.08035013529025592,363,61.455055236816406,patches/patch_034/query.png,0.6474848389625549,0.5838666749258413,0.10596919804811478,0.1667057317950261,0.6406111717224121,0.12163849804516783,-0.0009311213507317007,0.08098486981475739,245,48.53322982788086,patches/patch_034/render.png,50.98322982788086,patches/patch_034/triplet_query_render_dom.png
True,62.0,22.0,4304,1232,374.1689453125,7654,True,11035,bilinear,17.642038345336914,bilinear,True,patches/patch_035/dom.png,10,254455.6516975061,3364144.4526025006,17.642523025924845,inf,37.501312255859375,-inf,0.0,0.06621392190152801,patches/patch_035/edge_overlay_after.png,patches/patch_035/edge_overlay_before.png,False,35,0.7357928156852722,65.7875368135941,patches/patch_035/overlay_after.png,patches/patch_035/overlay_before.png,patches/patch_035,-83.42349611796712,7.973741491623258,0.02059365704189986,0.6334025263786316,0.445996215684195,0.21220099925994873,0.22876862215642602,764,63.379966735839844,patches/patch_035/query.png,0.6845569610595703,0.5021310587917432,0.7357935905456543,0.7173900953133571,0.6391845941543579,0.31026303715633413,0.16129404306411743,0.1881846706625692,589,45.05329132080078,patches/patch_035/render.png,50.94329132080078,patches/patch_035/triplet_query_render_dom.png
True,-50.0,-23.0,1232,2768,373.1962890625,6289,True,13085,bilinear,18.450275421142578,bilinear,True,patches/patch_036/dom.png,10,254264.6064272811,3363857.3877499653,18.449701715019785,8.65475845336914,23.618389129638672,14.963630676269531,0.46568627450980393,0.027210884353741496,patches/patch_036/edge_overlay_after.png,patches/patch_036/edge_overlay_before.png,True,36,0.4164559245109558,55.036351623268054,patches/patch_036/overlay_after.png,patches/patch_036/overlay_before.png,patches/patch_036,-52.82914258730287,-21.38616100435374,0.15055818541441113,0.6309984922409058,0.589893720893594,0.008454700000584126,0.06437315471049582,506,65.0335693359375,patches/patch_036/query.png,0.678006112575531,0.6107852853920828,0.41645488142967224,0.44366910105351154,0.6464004516601562,0.12376314356516849,0.030200699344277382,0.09472325550023171,294,47.909664154052734,patches/patch_036/render.png,50.84966415405273,patches/patch_036/triplet_query_render_dom.png
True,-31.0,-26.0,4816,208,370.0283203125,7599,True,10235,bilinear,20.20680809020996,bilinear,True,patches/patch_037/dom.png,10,254447.97347647505,3364256.5038671372,20.203358688134358,13.492060661315918,21.7098445892334,8.21778392791748,0.4853683148335015,0.26356589147286824,patches/patch_037/edge_overlay_after.png,patches/patch_037/edge_overlay_before.png,True,37,0.36554861068725586,40.45985664828782,patches/patch_037/overlay_after.png,patches/patch_037/overlay_before.png,patches/patch_037,-44.71409076082037,-17.11567069796692,0.037948852113913745,0.6501511335372925,0.49617461605421587,-0.04375917464494705,-0.025597418092645943,4068,69.81654357910156,patches/patch_037/query.png,0.633711040019989,0.5296343105577213,0.36554795503616333,0.3676158688197065,0.6522325277328491,0.2837661962706898,-0.02604294940829277,-0.004578068579984689,1032,40.360435485839844,patches/patch_037/render.png,50.680435485839844,patches/patch_037/triplet_query_render_dom.png
True,-8.0,5.0,2768,2256,365.9365234375,7057,True,12217,bilinear,26.31310272216797,bilinear,True,patches/patch_038/dom.png,10,254372.09908076338,3363978.944961159,26.313804777510086,19.822660446166992,36.923728942871094,17.1010684967041,1.408450704225352,0.7711069418386491,patches/patch_038/edge_overlay_after.png,patches/patch_038/edge_overlay_before.png,True,38,0.7287034392356873,9.433981132056603,patches/patch_038/overlay_after.png,patches/patch_038/overlay_before.png,patches/patch_038,-9.108289036401828,4.778536224114006,0.393698513507843,0.6377549171447754,0.4374740383198586,0.13005264103412628,0.14941990888721499,2412,90.80936431884766,patches/patch_038/query.png,0.6961288452148438,0.38815907923264065,0.7287037968635559,0.7082731930707297,0.6244837641716003,0.17611780816214562,0.14047889411449432,0.1599084417694748,533,45.12065887451172,patches/patch_038/render.png,50.45065887451172,patches/patch_038/triplet_query_render_dom.png
True,19.0,-80.0,1744,208,375.6201171875,5690,True,11307,bilinear,11.175056457519531,bilinear,True,patches/patch_039/dom.png,10,254180.62195424185,3364106.2559253173,11.174706018269035,12.11025619506836,66.91082763671875,54.80057144165039,0.4095238095238095,0.0,patches/patch_039/edge_overlay_after.png,patches/patch_039/edge_overlay_before.png,True,39,0.4831262528896332,82.22530024268686,patches/patch_039/overlay_after.png,patches/patch_039/overlay_before.png,patches/patch_039,8.940881539759545,17.576358660957737,0.04609293086105026,0.6513808965682983,0.3209314581210346,-0.008271481841802597,0.03661325707095614,590,65.11289978027344,patches/patch_039/query.png,0.6463056206703186,0.3638136046550362,0.4831256866455078,0.48530061196255747,0.6379920840263367,0.1657201553601553,0.03486237674951553,0.08954566382250981,211,48.31101608276367,patches/patch_039/render.png,50.42101608276367,patches/patch_039/triplet_query_render_dom.png
True,-80.0,0.0,1232,3280,372.7568359375,6472,True,13401,bilinear,19.96430015563965,bilinear,True,patches/patch_040/dom.png,10,254290.1644118232,3363813.0740953367,19.965117261783632,34.31816101074219,49.77406311035156,15.455902099609375,0.08333333333333333,0.0,patches/patch_040/edge_overlay_after.png,patches/patch_040/edge_overlay_before.png,True,40,0.4337785542011261,80.0,patches/patch_040/overlay_after.png,patches/patch_040/overlay_before.png,patches/patch_040,-79.21016378108112,1.7701352678938491,0.16074983263388276,0.6452319025993347,0.5429905999339193,-0.00346643035300076,0.04900923026087096,328,62.73722839355469,patches/patch_040/query.png,0.6697363257408142,0.5577269503264587,0.4337787330150604,0.4565994931261319,0.6407062411308289,0.12002463494988042,0.01986083574593067,0.07649344674478538,192,47.964622497558594,patches/patch_040/render.png,49.884622497558595,patches/patch_040/triplet_query_render_dom.png
True,-64.0,-44.0,720,2256,375.9150390625,5782,True,12955,bilinear,14.076428413391113,bilinear,True,patches/patch_041/dom.png,10,254193.50515428136,3363875.4889785857,14.07701686026121,30.20163345336914,33.0347785949707,2.8331451416015625,0.32142857142857145,0.07723577235772358,patches/patch_041/edge_overlay_after.png,patches/patch_041/edge_overlay_before.png,False,41,0.2807859182357788,77.6659513557904,patches/patch_041/overlay_after.png,patches/patch_041/overlay_before.png,patches/patch_041,8.033263650286926,52.312704603844395,0.008498966053593904,0.6210379600524902,0.53281853655951,0.01578402705490589,0.0770892401206349,1081,70.13018035888672,patches/patch_041/query.png,0.6701393723487854,0.4710306957672848,0.28078600764274597,0.3132804988390269,0.6430014371871948,0.18370510629005782,0.028591375797986984,0.11270164391024783,246,47.104209899902344,patches/patch_041/render.png,49.564209899902345,patches/patch_041/triplet_query_render_dom.png
True,80.0,52.0,4816,1744,376.1650390625,8162,True,11166,bilinear,17.304489135742188,bilinear,True,patches/patch_042/dom.png,10,254526.8630031926,3364126.032335673,17.30530357324443,9.226921081542969,17.687522888183594,8.460601806640625,0.6138613861386139,0.2646048109965636,patches/patch_042/edge_overlay_after.png,patches/patch_042/edge_overlay_before.png,False,42,0.6626505851745605,95.4148835350125,patches/patch_042/overlay_after.png,patches/patch_042/overlay_before.png,patches/patch_042,1.383557584574902,-88.65210412691263,0.003705084207467735,0.6662144660949707,0.6478606000498192,0.04006240516901016,0.05422768090206495,2026,62.330013275146484,patches/patch_042/query.png,0.7228977680206299,0.6848175549081938,0.6626501083374023,0.6610802997442724,0.6524617075920105,0.2230656272778744,0.05254233628511429,0.06806226840999327,873,39.85977554321289,patches/patch_042/render.png,48.589775543212895,patches/patch_042/triplet_query_render_dom.png
True,-19.0,22.0,3280,2768,375.4072265625,7566,True,12358,bilinear,18.5179386138916,bilinear,True,patches/patch_043/dom.png,10,254443.37440996701,3363959.185955534,18.518207774955272,51.38724136352539,56.685401916503906,5.298160552978516,1.2264150943396226,0.08189655172413793,patches/patch_043/edge_overlay_after.png,patches/patch_043/edge_overlay_before.png,True,43,0.8771899938583374,29.068883707497267,patches/patch_043/overlay_after.png,patches/patch_043/overlay_before.png,patches/patch_043,-17.406508453670966,23.50122930450921,0.25974518223665655,0.6367166042327881,0.5726768643336985,0.4644489586353302,0.45457141655704353,507,59.62574005126953,patches/patch_043/query.png,0.7026656866073608,0.555061460143167,0.8771904110908508,0.864665816772159,0.6418153643608093,0.2377454438251337,0.4739946722984314,0.436492350825252,232,32.98236846923828,patches/patch_043/render.png,35.30236846923828,patches/patch_043/triplet_query_render_dom.png
