dom_pixel_offset_col,dom_pixel_offset_row,hit,hit_depth,hit_depth_vs_projection_depth_m,hit_dom_col,hit_dom_patch_rel,hit_dom_row,hit_dsm_height,hit_dsm_minus_tiepoint_dsm_m,hit_dsm_vs_tiepoint_dsm_error_m,hit_raster_x,hit_raster_y,hit_xy_error_m,hit_z_ray,hit_z_vs_tiepoint_error_m,index,legacy_rotation_convention,measurement_x,measurement_y,offset_angle_deg,offset_east_m,offset_norm_m,offset_north_m,photo_id,projected_x,projected_y,projection_depth,query_image,query_patch_rel,query_vs_tiepoint_dom_mad,ray_rotation_matrix_source,render_ray_convention,render_ray_rotation,reprojection_error_px,rotation_convention,tiepoint_dom_col,tiepoint_dom_patch_rel,tiepoint_dom_row,tiepoint_dom_vs_hit_dom_mad,tiepoint_dsm_height,tiepoint_dsm_minus_xml_z_m,tiepoint_index,tiepoint_raster_x,tiepoint_raster_y,tiepoint_xml_x,tiepoint_xml_y,tiepoint_xml_z,xml_projection_rotation
-17,22,True,366.6533203125,1.5876367633412656,1512,patches/0000/hit_dom_0000.png,4862,25.75900650024414,-1.1539535522460938,1.1539535522460938,253595.5012707998,3365008.8545187335,4.004163831403807,25.758315831453103,1.5820575452120806,0,R_xml_transpose,3434.0,3177.0,-128.1438226464371,-2.4731220644898713,4.004163831403807,-3.149126107804477,7,3433.1145980235024,3176.417661469307,365.06568354915873,0000.jpg,patches/0000/query_0000.png,36.27107620239258,photo.rotation.T,cam_to_world_correct,R_camera_to_world = R_xml.T,1.0597428104571673,R_xml_transpose,1529,patches/0000/tiepoint_dom_0000.png,4840,30.536306381225586,26.912960052490234,-0.4274133241749496,115,253597.9743928643,3365012.0036448413,541854.5514269767,3363646.9609285328,27.340373376665184,R_world_to_camera = R_xml
16,-11,True,363.3212890625,0.9986469444440331,2933,patches/0000/hit_dom_0001.png,5911,27.339662551879883,-1.0942420959472656,1.0942420959472656,253794.5707108223,3364862.029352015,2.7738674780905077,27.339445242729425,1.0003384253670333,1,R_xml_transpose,2421.0,905.0,35.326633203348536,2.2631121866288595,2.7738674780905077,1.6039526229724288,7,2421.02593635931,904.7544882710672,362.32264211805597,0000.jpg,patches/0000/query_0001.png,35.15555953979492,photo.rotation.T,cam_to_world_correct,R_camera_to_world = R_xml.T,0.24687791269740544,R_xml_transpose,2917,patches/0000/tiepoint_dom_0001.png,5922,32.58750534057617,28.43390464782715,0.09412097973068967,160,253792.30759863567,3364860.425399392,542052.7680547398,3363500.6330430955,28.33978366809646,R_world_to_camera = R_xml
18,-20,True,367.0576171875,2.7388174009118416,3296,patches/0000/hit_dom_0002.png,5772,23.24747657775879,-2.871265411376953,2.871265411376953,253845.3197795585,3364881.4911069265,3.7120544670885525,23.248527037380597,2.746064002453693,2,R_xml_transpose,1887.0,841.0,48.90123311282268,2.440152514667716,3.7120544670885525,2.797320873942226,7,1887.4550722961587,839.9360944360917,364.31879978658816,0000.jpg,patches/0000/query_0002.png,39.69014358520508,photo.rotation.T,cam_to_world_correct,R_camera_to_world = R_xml.T,1.157145558538857,R_xml_transpose,3278,patches/0000/tiepoint_dom_0002.png,5792,33.10956954956055,26.118741989135742,0.12415094930145187,166,253842.87962704382,3364878.6937860525,542102.8219585672,3363520.2286322773,25.99459103983429,R_world_to_camera = R_xml
-13,-35,True,372.4931640625,0.5538233399534533,3724,patches/0000/hit_dom_0003.png,4770,17.582799911499023,-0.20693397521972656,0.20693397521972656,253905.35115434797,3365021.736278092,5.218271794861631,17.582876265692732,0.5559640108085091,3,R_xml_transpose,736.0,1772.0,110.44886982355798,-1.823114740429446,5.218271794861631,4.889438942074776,7,736.5174754506636,1771.9276154254583,371.93934072254655,0000.jpg,patches/0000/query_0003.png,24.428699493408203,photo.rotation.T,cam_to_world_correct,R_camera_to_world = R_xml.T,0.5225135105153543,R_xml_transpose,3737,patches/0000/tiepoint_dom_0003.png,4805,20.865873336791992,17.78973388671875,-0.34910638978249153,167,253907.1742690884,3365016.84683915,542163.4135963058,3363659.9913309035,18.13884027650124,R_world_to_camera = R_xml
4,-27,True,375.6787109375,0.13653879658187407,3468,patches/0000/hit_dom_0004.png,5489,14.508496284484863,0.08907127380371094,0.08907127380371094,253869.41502013983,3364921.10348622,3.8049972389259987,14.507935674819805,0.13635462017015243,4,R_xml_transpose,1511.0,1089.0,81.74009566455152,0.5466399598226417,3.8049972389259987,3.765526356641203,7,1511.451583996835,1089.5781078512719,375.8152497340819,0000.jpg,patches/0000/query_0004.png,13.403401374816895,photo.rotation.T,cam_to_world_correct,R_camera_to_world = R_xml.T,0.7335780762125592,R_xml_transpose,3464,patches/0000/tiepoint_dom_0004.png,5516,8.338340759277344,14.419425010681152,0.0478439560314996,204,253868.86838018,3364917.3379598632,542127.7695038287,3363559.535065547,14.371581054649653,R_world_to_camera = R_xml
17,-4,True,366.0615234375,0.6309696191779608,2580,patches/0000/hit_dom_0005.png,6023,24.949174880981445,0.14702606201171875,0.14702606201171875,253745.17534801512,3364846.392540756,2.543525865807555,24.949490235148005,0.6317730222201021,5,R_xml_transpose,2934.0,1019.0,15.756955363177072,2.4479459582362324,2.543525865807555,0.690712976269424,7,2933.905702748518,1018.5694857317516,366.69249305667796,0000.jpg,patches/0000/query_0005.png,83.58455657958984,photo.rotation.T,cam_to_world_correct,R_camera_to_world = R_xml.T,0.44072044064529065,R_xml_transpose,2563,patches/0000/tiepoint_dom_0005.png,6027,21.23522186279297,24.802148818969727,0.48443160604182367,214,253742.7274020569,3364845.70182778,542003.6114309955,3363484.6061533373,24.317717212927903,R_world_to_camera = R_xml
22,5,True,364.2431640625,0.16841928737807166,2248,patches/0000/hit_dom_0006.png,6188,27.084199905395508,-1.2230072021484375,1.2230072021484375,253698.67393315042,3364823.153533771,3.2189738153472947,27.083978671165937,0.16852754889345078,6,R_xml_transpose,3459.0,1045.0,-13.16187214133019,3.134413449151907,3.2189738153472947,-0.7329698177054524,7,3459.5437708272475,1044.6067102632594,364.0747447751219,0000.jpg,patches/0000/query_0006.png,26.044208526611328,photo.rotation.T,cam_to_world_correct,R_camera_to_world = R_xml.T,0.6710912975079613,R_xml_transpose,2226,patches/0000/tiepoint_dom_0006.png,6183,22.964506149291992,28.307207107543945,1.0547008874845574,221,253695.53951970127,3364823.886503589,541957.0333619833,3363461.55569511,27.252506220059388,R_world_to_camera = R_xml
-6,-1,True,365.5810546875,0.1599095162828803,2467,patches/0000/hit_dom_0007.png,5114,25.7564754486084,-0.03067779541015625,0.03067779541015625,253729.3037859987,3364973.604013472,0.8731742348435056,25.75617614056648,0.1599344053610139,7,R_xml_transpose,2440.0,2218.0,176.81344229933444,-0.8718241617607418,0.8731742348435056,0.0485373605042696,7,2439.754269490228,2218.344932572552,365.4211451712171,0000.jpg,patches/0000/query_0007.png,24.558279037475586,photo.rotation.T,cam_to_world_correct,R_camera_to_world = R_xml.T,0.4235114674244551,R_xml_transpose,2473,patches/0000/tiepoint_dom_0007.png,5115,13.014482498168945,25.787153244018555,-0.12895730190894028,257,253730.17561016046,3364973.5554761114,541987.6814833035,3363612.040718725,25.916110545927495,R_world_to_camera = R_xml
21,5,True,362.8525390625,1.325518999382382,2158,patches/0000/hit_dom_0008.png,6118,28.585527420043945,1.3549480438232422,1.3549480438232422,253686.07442289605,3364833.0480185,3.0853532959781016,28.58644212005015,1.3251228922849805,8,R_xml_transpose,3525.0,1191.0,-12.114753969516414,3.0166400913731195,3.0853532959781016,-0.6475241463631392,7,3525.185045261631,1190.6906788343053,364.1780580618824,0000.jpg,patches/0000/query_0008.png,23.739778518676758,photo.rotation.T,cam_to_world_correct,R_camera_to_world = R_xml.T,0.36044601870285586,R_xml_transpose,2137,patches/0000/tiepoint_dom_0008.png,6113,20.89185333251953,27.230579376220703,-0.030739851544467456,259,253683.05778280468,3364833.6955426466,541944.3002622921,3363471.0274708695,27.26131922776517,R_world_to_camera = R_xml
36,25,True,366.4365234375,1.174344771993617,1340,patches/0000/hit_dom_0009.png,6547,25.776945114135742,0.9282665252685547,0.9282665252685547,253571.49940694627,3364772.9787001377,6.11771776259362,25.77658512248877,1.170960307011228,9,R_xml_transpose,4748.0,1262.0,-34.18853271074536,5.060533640615176,6.11771776259362,-3.4376547085121274,7,4749.414489238517,1261.2416427077926,367.6108682094936,0000.jpg,patches/0000/query_0009.png,30.112512588500977,photo.rotation.T,cam_to_world_correct,R_camera_to_world = R_xml.T,1.6049565690458245,R_xml_transpose,1304,patches/0000/tiepoint_dom_0009.png,6522,25.802234649658203,24.848678588867188,0.24305377338964718,267,253566.43887330565,3364776.416354846,541829.2776356222,3363410.6981498185,24.60562481547754,R_world_to_camera = R_xml
-40,-6,True,373.2880859375,0.6693019583952946,2720,patches/0000/hit_dom_0010.png,3859,18.064807891845703,-1.1937103271484375,1.1937103271484375,253764.6863741394,3365149.342155701,5.658467743291343,18.063750616961386,0.6695473463556141,10,R_xml_transpose,1323.0,3508.0,171.2139794008773,-5.592069463717053,5.658467743291343,0.8643010556697845,7,1323.9787583991554,3506.320617270915,373.9573878958953,0000.jpg,patches/0000/query_0010.png,28.257415771484375,photo.rotation.T,cam_to_world_correct,R_camera_to_world = R_xml.T,1.9437835153806875,R_xml_transpose,2760,patches/0000/tiepoint_dom_0010.png,3865,22.782686233520508,19.25851821899414,1.864314948388369,300,253770.2784436031,3365148.4778546453,542023.1235257793,3363787.9069308625,17.39420327060577,R_world_to_camera = R_xml
-5,-21,True,375.3662109375,0.44897874993648657,3261,patches/0000/hit_dom_0011.png,5177,15.110739707946777,-0.2615938186645508,0.2615938186645508,253840.42912602008,3364964.846102519,3.121771422683332,15.111531781810243,0.4495722430789897,11,R_xml_transpose,1540.0,1597.0,103.05050237131415,-0.7049266069661826,3.121771422683332,3.0411404594779015,7,1540.7577028207509,1596.9022601770378,375.8151896874365,0000.jpg,patches/0000/query_0011.png,16.4451847076416,photo.rotation.T,cam_to_world_correct,R_camera_to_world = R_xml.T,0.7639807835060427,R_xml_transpose,3266,patches/0000/tiepoint_dom_0011.png,5198,8.76738166809082,15.372333526611328,0.7103739878800752,309,253841.13405262705,3364961.8049620595,542098.8760623944,3363603.237335544,14.661959538731253,R_world_to_camera = R_xml
2,-5,True,365.5322265625,0.40272817348909484,2635,patches/0000/hit_dom_0012.png,5470,25.54534912109375,-0.000118255615234375,0.000118255615234375,253752.82551286148,3364923.786511528,0.7402330074239902,25.545657015322263,0.40359199906583854,12,R_xml_transpose,2481.0,1659.0,63.37790157961811,0.33170131311635487,0.7402330074239902,0.6617545951157808,7,2479.9022405894198,1659.057870810473,365.9349547359891,0000.jpg,patches/0000/query_0012.png,26.338762283325195,photo.rotation.T,cam_to_world_correct,R_camera_to_world = R_xml.T,1.0992837460011342,R_xml_transpose,2633,patches/0000/tiepoint_dom_0012.png,5475,18.503576278686523,25.545467376708984,0.40340236045256006,314,253752.49381154837,3364923.1247569327,542011.3204182582,3363562.235341439,25.142065016256424,R_world_to_camera = R_xml
-24,-42,True,365.0791015625,0.2551615380411363,3951,patches/0000/hit_dom_0013.png,4364,24.848344802856445,-0.1855182647705078,0.1855182647705078,253937.10392652746,3365078.6218424113,6.686149161536239,24.847599209730788,0.25728858075416383,13,R_xml_transpose,208.0,2100.0,119.69959049287787,-3.312669050646946,6.686149161536239,5.807823548559099,7,209.88785118334,2099.747275807374,364.82394002445886,0000.jpg,patches/0000/query_0013.png,22.40125846862793,photo.rotation.T,cam_to_world_correct,R_camera_to_world = R_xml.T,1.904691998191997,R_xml_transpose,3975,patches/0000/tiepoint_dom_0013.png,4406,20.169401168823242,25.033863067626953,-0.07102472285799877,369,253940.4165955781,3365072.814018863,542195.1509031913,3363716.801247388,25.104887790484952,R_world_to_camera = R_xml
16,27,True,365.1962890625,0.29095492379087773,1385,patches/0000/hit_dom_0014.png,5907,27.113859176635742,0.09240913391113281,0.09240913391113281,253577.7173452416,3364862.6167485784,4.4130405582720025,27.11438229879269,0.2898305837667863,14,R_xml_transpose,4305.0,1993.0,-59.24275914233856,2.25683640409261,4.4130405582720025,-3.7923101685009897,7,4305.975552863232,1992.4863073549468,365.4872439862909,0000.jpg,patches/0000/query_0014.png,31.38439178466797,photo.rotation.T,cam_to_world_correct,R_camera_to_world = R_xml.T,1.102535043679946,R_xml_transpose,1369,patches/0000/tiepoint_dom_0014.png,5880,34.352943420410156,27.02145004272461,0.19689832769870463,390,253575.4605088375,3364866.409058747,541835.9094329283,3363500.8687553788,26.824551715025905,R_world_to_camera = R_xml
8,22,True,364.5517578125,0.47753444832881087,1633,patches/0000/hit_dom_0015.png,5613,27.558250427246094,1.4669742584228516,1.4669742584228516,253612.47854765764,3364903.805186961,3.180477661114781,27.56113354092679,0.4762965779040087,15,R_xml_transpose,3816.0,2183.0,-68.61504920086931,1.1597046378592495,3.180477661114781,-2.961506931576878,7,3816.3368109321773,2182.991532288537,365.0292922608288,0000.jpg,patches/0000/query_0015.png,29.210905075073242,photo.rotation.T,cam_to_world_correct,R_camera_to_world = R_xml.T,0.336917358073979,R_xml_transpose,1625,patches/0000/tiepoint_dom_0015.png,5591,26.764257431030273,26.091276168823242,-0.9935607941995386,410,253611.31884301978,3364906.7666938924,541870.6744340338,3363542.148841051,27.08483696302278,R_world_to_camera = R_xml
-2,38,True,364.2802734375,1.050943655051526,1040,patches/0000/hit_dom_0016.png,5111,28.576866149902344,0.6868648529052734,0.6868648529052734,253529.45937499922,3364974.0450044484,5.291292339148136,28.577410605884836,1.0465109065630713,16,R_xml_transpose,4166.0,3188.0,-93.33967520605354,-0.30824596996535547,5.291292339148136,-5.282306223642081,7,4166.321660041283,3187.611550492925,365.3312170925515,0000.jpg,patches/0000/query_0016.png,33.19411849975586,photo.rotation.T,cam_to_world_correct,R_camera_to_world = R_xml.T,0.5043393715598394,R_xml_transpose,1042,patches/0000/tiepoint_dom_0016.png,5073,25.861526489257812,27.89000129699707,0.3591015976753056,411,253529.76762096919,3364979.327310672,541787.256508691,3363612.5000311984,27.530899699321765,R_world_to_camera = R_xml
-11,16,True,365.0712890625,0.24481213468629903,1827,patches/0000/hit_dom_0017.png,4934,26.987768173217773,-0.36765480041503906,0.36765480041503906,253639.70566565607,3364998.774315918,2.751234226936496,26.98796151477933,0.24401566809331143,17,R_xml_transpose,3105.0,2884.0,-121.60132125682605,-1.441661995719187,2.751234226936496,-2.3432670487090945,7,3105.3216567947834,2884.2145650287616,365.3161011971863,0000.jpg,patches/0000/query_0017.png,29.718406677246094,photo.rotation.T,cam_to_world_correct,R_camera_to_world = R_xml.T,0.38665390880967926,R_xml_transpose,1838,patches/0000/tiepoint_dom_0017.png,4918,21.39122200012207,27.355422973632812,0.6114771269467951,422,253641.1473276518,3365001.1175829666,541897.9834442264,3363637.2258669827,26.743945846686017,R_world_to_camera = R_xml
-20,-14,True,369.3017578125,0.32237300767701527,2967,patches/0000/hit_dom_0018.png,4630,21.612905502319336,0.19529342651367188,0.19529342651367188,253799.25702751952,3365041.3720331253,3.4111393159927603,21.612884921872023,0.3233788746850337,18,R_xml_transpose,1506.0,2457.0,144.73797876892405,-2.78526499675354,3.4111393159927603,1.969307068735361,7,1506.0635632961082,2455.652709569663,369.624130820177,0000.jpg,patches/0000/query_0018.png,26.366464614868164,photo.rotation.T,cam_to_world_correct,R_camera_to_world = R_xml.T,1.3487890110355052,R_xml_transpose,2987,patches/0000/tiepoint_dom_0018.png,4644,20.859983444213867,21.417612075805664,0.12810602861867437,431,253802.04229251627,3365039.4027260565,542057.7552549933,3363679.747072514,21.28950604718699,R_world_to_camera = R_xml
-7,10,True,366.3525390625,0.36192824023601133,2077,patches/0000/hit_dom_0019.png,5077,25.409555435180664,0.4087944030761719,0.4087944030761719,253674.60644269854,3364978.8738766094,1.6783704749928527,25.40912360264042,0.36179031561164265,19,R_xml_transpose,2897.0,2536.0,-125.95945103047815,-0.9855602119641844,1.6783704749928527,-1.3585280710831285,7,2897.020153452371,2535.388864446619,366.714467302736,0000.jpg,patches/0000/query_0019.png,23.09174156188965,photo.rotation.T,cam_to_world_correct,R_camera_to_world = R_xml.T,0.611467763866998,R_xml_transpose,2084,patches/0000/tiepoint_dom_0019.png,5067,16.604169845581055,25.000761032104492,-0.04657225492428552,439,253675.5920029105,3364980.2324046805,541932.9579978132,3363617.2672564522,25.047333287028778,R_world_to_camera = R_xml
9,-29,True,375.5615234375,0.0009144018926576791,3519,patches/0000/hit_dom_0020.png,5680,14.527555465698242,-0.04314899444580078,0.04314899444580078,253876.658265983,3364894.3147538817,4.186181299641874,14.526769142875196,0.0015577606365582142,20,R_xml_transpose,1581.0,830.0,71.607718760346,1.320828962197993,4.186181299641874,3.9723449908196926,7,1581.6599072137594,830.4148407089835,375.56060903560734,0000.jpg,patches/0000/query_0020.png,21.339181900024414,photo.rotation.T,cam_to_world_correct,R_camera_to_world = R_xml.T,0.779467988182773,R_xml_transpose,3510,patches/0000/tiepoint_dom_0020.png,5709,12.608838081359863,14.570704460144043,0.042377556632288815,442,253875.3374370208,3364890.342408891,542134.9492576987,3363532.7291303542,14.528326903511754,R_world_to_camera = R_xml
4,28,True,368.7548828125,0.7750943522236753,1414,patches/0000/hit_dom_0021.png,5423,23.633533477783203,0.2786064147949219,0.2786064147949219,253581.8385604758,3364930.390189827,3.934600578774133,23.633828705965584,0.7723059863609478,21,R_xml_transpose,3932.0,2559.0,-80.72386078087925,0.6342294094501995,3.934600578774133,-3.883147533982992,7,3932.1804779357535,2559.8024605837722,369.5299771647237,0000.jpg,patches/0000/query_0021.png,50.661659240722656,photo.rotation.T,cam_to_world_correct,R_camera_to_world = R_xml.T,0.8225054855755929,R_xml_transpose,1410,patches/0000/tiepoint_dom_0021.png,5395,23.524688720703125,23.35492706298828,0.493404343383645,446,253581.20433106634,3364934.273337361,541839.8517383407,3363568.8391336594,22.861522719604636,R_world_to_camera = R_xml
-9,9,True,365.8408203125,0.7242950806246995,2120,patches/0000/hit_dom_0022.png,4964,25.900083541870117,0.16246986389160156,0.16246986389160156,253680.690403132,3364994.6147241727,1.8280884293707942,25.90002194994713,0.723416547045872,22,R_xml_transpose,2765.0,2645.0,-136.20673662835355,-1.3195902818697505,1.8280884293707942,-1.265143783763051,7,2765.4333756571555,2644.589197121231,366.5651153931247,0000.jpg,patches/0000/query_0022.png,23.219799041748047,photo.rotation.T,cam_to_world_correct,R_camera_to_world = R_xml.T,0.597137727345984,R_xml_transpose,2129,patches/0000/tiepoint_dom_0022.png,4955,15.926807403564453,25.737613677978516,0.5610082750772563,464,253682.00999341387,3364995.8798679565,541938.9571510605,3363633.0741207153,25.17660540290126,R_world_to_camera = R_xml
-4,31,True,366.2939453125,1.684970029095723,1234,patches/0000/hit_dom_0023.png,5402,26.29148292541504,-2.162485122680664,2.162485122680664,253556.630446148,3364933.3463627873,4.390593427033957,26.291309403208288,1.6793081969775585,23,R_xml_transpose,4136.0,2708.0,-96.88867733009909,-0.5266106290800963,4.390593427033957,-4.358898012898862,7,4137.244426511848,2706.8842310702657,364.6089752834043,0000.jpg,patches/0000/query_0023.png,38.00458526611328,photo.rotation.T,cam_to_world_correct,R_camera_to_world = R_xml.T,1.671387940590517,R_xml_transpose,1238,patches/0000/tiepoint_dom_0023.png,5371,33.087074279785156,28.453968048095703,0.4833504479098565,469,253557.15705677707,3364937.7052608,541815.7298744522,3363571.631747208,27.970617600185847,R_world_to_camera = R_xml
-12,13,True,365.1826171875,0.33309185270115904,1984,patches/0000/hit_dom_0024.png,4909,26.71485137939453,-0.17980003356933594,0.17980003356933594,253661.67924396676,3365002.380876918,2.4214371525948675,26.715359989746048,0.333230185870832,24,R_xml_transpose,2894.0,2808.0,-133.29424453969347,-1.6604890096641611,2.4214371525948675,-1.762422801926732,7,2893.2903754976364,2807.498758878517,365.51570904020116,0000.jpg,patches/0000/query_0024.png,29.21186637878418,photo.rotation.T,cam_to_world_correct,R_camera_to_world = R_xml.T,0.8687977878771554,R_xml_transpose,1996,patches/0000/tiepoint_dom_0024.png,4896,23.38471221923828,26.894651412963867,0.5125216090886511,479,253663.33973297643,3365004.14329972,541920.0806545746,3363640.8373912834,26.382129803875216,R_world_to_camera = R_xml
-18,12,True,362.5830078125,0.3824476549488054,1946,patches/0000/hit_dom_0025.png,4695,29.403825759887695,-0.4229564666748047,0.4229564666748047,253656.29313330696,3365032.2889237334,3.032454930227192,29.404322264964264,0.38116383024208744,25,R_xml_transpose,2793.0,3102.0,-147.09724517933753,-2.546030198573135,3.032454930227192,-1.6472744555212557,7,2793.097101483251,3100.779580682169,362.2005601575512,0000.jpg,patches/0000/query_0025.png,27.102798461914062,photo.rotation.T,cam_to_world_correct,R_camera_to_world = R_xml.T,1.2242761164804128,R_xml_transpose,1964,patches/0000/tiepoint_dom_0025.png,4683,22.101255416870117,29.8267822265625,0.04129613135614818,497,253658.83916350553,3365033.936198189,541914.7939427518,3363670.4908753075,29.785486095206352,R_world_to_camera = R_xml
-12,-11,True,368.5751953125,1.3696519062184507,2806,patches/0000/hit_dom_0026.png,4842,22.46224021911621,-1.5190601348876953,1.5190601348876953,253776.82363929626,3365011.741759811,2.2377960588006593,22.462195016930934,1.371460343844035,26,R_xml_transpose,1839.0,2313.0,135.11039829346097,-1.5854067432810552,2.2377960588006593,1.5793089182116091,7,1839.796465234168,2313.602096700897,367.20554340628155,0000.jpg,patches/0000/query_0026.png,24.77523422241211,photo.rotation.T,cam_to_world_correct,R_camera_to_world = R_xml.T,0.9984374324260196,R_xml_transpose,2818,patches/0000/tiepoint_dom_0026.png,4853,20.49766731262207,23.981300354003906,0.14764499322893698,822,253778.40904603954,3365010.162450893,542034.9125653153,3363649.900563287,23.83365536077497,R_world_to_camera = R_xml
-25,-7,True,366.1181640625,0.06858000112424634,2666,patches/0000/hit_dom_0027.png,4393,25.17064094543457,-0.2803173065185547,0.2803173065185547,253757.15450561975,3365074.5682545383,3.6436266018744736,25.170368357005657,0.06854661358437397,27,R_xml_transpose,1703.0,2957.0,164.20188374934799,-3.505995693616569,3.6436266018744736,0.9919722829945385,7,1703.9500093499569,2955.8468505486535,366.04958406137575,0000.jpg,patches/0000/query_0027.png,28.20277214050293,photo.rotation.T,cam_to_world_correct,R_camera_to_world = R_xml.T,1.4940787871281187,R_xml_transpose,2691,patches/0000/tiepoint_dom_0027.png,4400,24.553993225097656,25.450958251953125,0.21204328136309414,884,253760.66050131337,3365073.5762822554,542015.4962386494,3363712.801303117,25.23891497059003,R_world_to_camera = R_xml
-8,-20,True,375.2373046875,0.5651424959798419,3204,patches/0000/hit_dom_0028.png,5051,15.329212188720703,-0.34992408752441406,0.34992408752441406,253832.46204068683,3364982.4835147006,3.055885497210403,15.329520037579584,0.5658027747410301,28,R_xml_transpose,1522.0,1786.0,112.79997492524282,-1.1842020277108531,3.055885497210403,2.8171087536029518,7,1522.9553518196788,1785.7883609693704,375.80244718347984,0000.jpg,patches/0000/query_0028.png,17.99178695678711,photo.rotation.T,cam_to_world_correct,R_camera_to_world = R_xml.T,0.9785132490923911,R_xml_transpose,3212,patches/0000/tiepoint_dom_0028.png,5071,11.505939483642578,15.679136276245117,0.915419013406563,1097,253833.64624271455,3364979.666405947,542090.9201872988,3363620.8883485566,14.763717262838554,R_world_to_camera = R_xml
12,54,True,365.5498046875,4.316151256701403,580,patches/0000/hit_dom_0029.png,4958,27.833816528320312,0.306243896484375,0.306243896484375,253464.97996353032,3364995.4299787926,7.7349662861668795,27.83271689275915,4.291375553578689,29,R_xml_transpose,4556.0,3632.0,-77.34181714878588,1.6949953008443117,7.7349662861668795,-7.546965905465186,7,4557.081025549543,3631.381844180872,369.8659559442014,0000.jpg,patches/0000/query_0029.png,43.11241149902344,photo.rotation.T,cam_to_world_correct,R_camera_to_world = R_xml.T,1.2452842468631333,R_xml_transpose,568,patches/0000/tiepoint_dom_0029.png,4904,28.144943237304688,27.527572631835938,3.986231292655475,1839,253463.28496822948,3365002.976944698,541720.1925467162,3363634.3725406746,23.541341339180462,R_world_to_camera = R_xml
-20,-34,True,363.9853515625,3.2282183166767595,3350,patches/0000/hit_dom_0030.png,4239,26.61033821105957,-2.578876495361328,2.578876495361328,253852.9545564799,3365096.170134184,5.57886578665128,26.60963873822334,3.235364922480926,30,R_xml_transpose,786.0,2664.0,120.51051863580315,-2.8323708371899556,5.57886578665128,4.806393544655293,7,787.4562650250004,2663.714159811381,360.75713324582324,0000.jpg,patches/0000/query_0030.png,29.834304809570312,photo.rotation.T,cam_to_world_correct,R_camera_to_world = R_xml.T,1.4840527067693445,R_xml_transpose,3370,patches/0000/tiepoint_dom_0030.png,4273,23.238567352294922,29.1892147064209,-0.6557889542833664,1860,253855.7869273171,3365091.3637406393,542110.0870877731,3363733.0966007807,29.845003660704265,R_world_to_camera = R_xml
-7,3,True,365.8505859375,0.4537012367380271,2352,patches/0000/hit_dom_0031.png,5103,25.611791610717773,0.2025775909423828,0.2025775909423828,253713.1938474505,3364975.14863999,1.0201017961823882,25.611638862735163,0.4538553528172997,31,R_xml_transpose,2575.0,2312.0,-157.02123727096625,-0.9391563297249377,1.0201017961823882,-0.3982374453917146,7,2574.5764164821803,2311.8199256618514,366.304287174238,0000.jpg,patches/0000/query_0031.png,24.795124053955078,photo.rotation.T,cam_to_world_correct,R_camera_to_world = R_xml.T,0.460271402357529,R_xml_transpose,2359,patches/0000/tiepoint_dom_0031.png,5100,13.978907585144043,25.40921401977539,0.2514305098575278,2459,253714.1330037802,3364975.5468774354,541971.5969952977,3363613.605818142,25.157783509917863,R_world_to_camera = R_xml
7,-8,True,367.0419921875,1.8215026682234452,2736,patches/0000/hit_dom_0032.png,5650,23.888690948486328,0.1658191680908203,0.1658191680908203,253766.92570934075,3364898.623840012,1.597273847141968,23.887971921051758,1.822823547730934,32,R_xml_transpose,2483.0,1369.0,51.43921664524397,0.9956519178231247,1.597273847141968,1.2489839876070619,7,2483.450780696545,1369.6553875610175,368.86349485572345,0000.jpg,patches/0000/query_0032.png,36.83438491821289,photo.rotation.T,cam_to_world_correct,R_camera_to_world = R_xml.T,0.7954471016440454,R_xml_transpose,2729,patches/0000/tiepoint_dom_0032.png,5658,23.224966049194336,23.722871780395508,1.657723407074684,2585,253765.93005742293,3364897.3748560245,542025.4296428269,3363536.8587853876,22.065148373320824,R_world_to_camera = R_xml
-6,13,True,367.2255859375,0.4241786711377813,1969,patches/0000/hit_dom_0033.png,5094,24.645694732666016,-0.18093490600585938,0.18093490600585938,253659.6096867482,3364976.4368728995,2.0162845287129776,24.64615507667537,0.4227568727135349,33,R_xml_transpose,3040.0,2587.0,-112.64601189369684,-0.7763433213694952,2.0162845287129776,-1.860831628087908,7,3040.5998684081196,2587.8383973300024,367.6497646086378,0000.jpg,patches/0000/query_0033.png,21.790557861328125,photo.rotation.T,cam_to_world_correct,R_camera_to_world = R_xml.T,1.0308987292722465,R_xml_transpose,1975,patches/0000/tiepoint_dom_0033.png,5081,15.300302505493164,24.826629638671875,0.6032314347100396,2612,253660.38603006958,3364978.2977045276,541917.8135809911,3363614.931076276,24.223398203961835,R_world_to_camera = R_xml
2,-33,True,374.5517578125,0.4891260647918898,3687,patches/0000/hit_dom_0034.png,5470,15.405769348144531,0.5645732879638672,0.5645732879638672,253900.09513597004,3364923.732760509,4.64423723744345,15.40586582699666,0.4905002655063413,34,R_xml_transpose,1245.0,969.0,86.46297743204059,0.2865191906748805,4.64423723744345,4.635390627663583,7,1245.4697100938074,969.183403154028,375.0408838772919,0000.jpg,patches/0000/query_0034.png,16.03369140625,photo.rotation.T,cam_to_world_correct,R_camera_to_world = R_xml.T,0.5042462584214156,R_xml_transpose,3685,patches/0000/tiepoint_dom_0034.png,5503,12.780942916870117,14.841196060180664,-0.0741695013096546,2813,253899.80861677937,3364919.0973698813,542158.6422105231,3363562.112850573,14.915365561490319,R_world_to_camera = R_xml
20,36,True,362.9873046875,0.5131651913869746,1034,patches/0000/hit_dom_0035.png,5985,29.677955627441406,0.8512763977050781,0.8512763977050781,253528.6062332744,3364851.6617470593,5.757271291696733,29.67919743905992,0.5102517153217718,35,R_xml_transpose,4763.0,2137.0,-60.91230971792874,2.7988838715245947,5.757271291696733,-5.031145177781582,7,4764.66063938787,2136.863641937311,363.500469878887,0000.jpg,patches/0000/query_0035.png,30.697032928466797,photo.rotation.T,cam_to_world_correct,R_camera_to_world = R_xml.T,1.6662282850215573,R_xml_transpose,1014,patches/0000/tiepoint_dom_0035.png,5949,27.396631240844727,28.826679229736328,-0.3422664940018194,2992,253525.80734940286,3364856.692892237,541786.5473355406,3363489.843961681,29.168945723738148,R_world_to_camera = R_xml
29,-16,True,367.9541015625,0.13118796561082036,2983,patches/0000/hit_dom_0036.png,6469,22.52712059020996,-0.0826263427734375,0.0826263427734375,253801.55254996382,3364783.8491582447,4.659335922959117,22.527100751854277,0.13210224255436742,36,R_xml_transpose,2747.0,228.0,28.405837345171356,4.09835239633685,4.659335922959117,2.2165105184540153,7,2747.4535992685023,226.3880076526466,368.0852895281108,0000.jpg,patches/0000/query_0036.png,50.35791015625,photo.rotation.T,cam_to_world_correct,R_camera_to_world = R_xml.T,1.674595958526055,R_xml_transpose,2954,patches/0000/tiepoint_dom_0036.png,6485,37.274845123291016,22.6097469329834,0.21474842368348845,3312,253797.45419756748,3364781.632647726,542059.9982270345,3363422.0299518,22.39499850929991,R_world_to_camera = R_xml
-5,-27,True,375.8115234375,0.21208075020484785,3451,patches/0000/hit_dom_0037.png,5183,14.462791442871094,-0.10937881469726562,0.10937881469726562,253867.09399943787,3364963.977888892,3.909293328397806,14.462032252591428,0.2127616899470013,37,R_xml_transpose,1325.0,1464.0,99.85086878467915,-0.6688187300751451,3.909293328397806,3.851656245533377,7,1325.7788126199455,1462.926963679443,376.02360418770485,0000.jpg,patches/0000/query_0037.png,15.973899841308594,photo.rotation.T,cam_to_world_correct,R_camera_to_world = R_xml.T,1.3258793467812426,R_xml_transpose,3456,patches/0000/tiepoint_dom_0037.png,5210,8.920798301696777,14.57217025756836,0.3228996949239331,3477,253867.76281816795,3364960.1262326464,542125.5312802206,3363602.2651096852,14.249270562644426,R_world_to_camera = R_xml
-12,26,True,367.1240234375,0.08262158542504494,1437,patches/0000/hit_dom_0038.png,4908,25.35675811767578,-0.06694793701171875,0.06694793701171875,253585.03976017924,3365002.4187948615,4.014403923298566,25.356755405376816,0.0819329006674252,38,R_xml_transpose,3554.0,3169.0,-115.054922579113,-1.7000472151557915,4.014403923298566,-3.6366575760766864,7,3554.172128079094,3168.0191248300507,367.04140185207496,0000.jpg,patches/0000/query_0038.png,33.2380256652832,photo.rotation.T,cam_to_world_correct,R_camera_to_world = R_xml.T,0.995863532134599,R_xml_transpose,1449,patches/0000/tiepoint_dom_0038.png,4882,21.18494415283203,25.4237060546875,-0.014982251356741472,3508,253586.7398073944,3365006.0554524376,541843.4820262318,3363640.719175982,25.43868830604424,R_world_to_camera = R_xml
-15,-41,True,368.7958984375,1.1326739285145209,4041,patches/0000/hit_dom_0039.png,4939,20.90561866760254,0.4555778503417969,0.4555778503417969,253949.68654520463,3364998.135866704,6.13887275649453,20.904982363551255,1.1367538344003378,39,R_xml_transpose,483.0,1364.0,109.82831717362782,-2.082323370501399,6.13887275649453,5.774918882641941,7,483.9812249067518,1364.3866819111108,369.9285723660145,0000.jpg,patches/0000/query_0039.png,44.07796096801758,photo.rotation.T,cam_to_world_correct,R_camera_to_world = R_xml.T,1.0546682976226955,R_xml_transpose,4056,patches/0000/tiepoint_dom_0039.png,4980,37.81665802001953,20.450040817260742,0.6818122881098247,3761,253951.76886857513,3364992.3609478213,542208.6266623612,3363636.7032707874,19.768228529150917,R_world_to_camera = R_xml
6,2,True,367.2236328125,0.9765660595261352,2402,patches/0000/hit_dom_0040.png,5581,24.077350616455078,-1.009328842163086,1.009328842163086,253720.174111479,3364908.2500864076,0.8637319885054097,24.0773958286926,0.9764735537590354,40,R_xml_transpose,2847.0,1686.0,-13.894926273327005,0.8384572477662005,0.8637319885054097,-0.20741839753463864,7,2847.1639633065092,1685.5492088186231,366.24706675297386,0000.jpg,patches/0000/query_0040.png,29.402299880981445,photo.rotation.T,cam_to_world_correct,R_camera_to_world = R_xml.T,0.47968391164244345,R_xml_transpose,2396,patches/0000/tiepoint_dom_0040.png,5579,21.92264175415039,25.086679458618164,0.03281007616652687,3764,253719.33565423122,3364908.457504805,541978.573236342,3363546.6997115174,25.053869382451637,R_world_to_camera = R_xml
-3,0,True,365.8603515625,0.3214535706338779,2470,patches/0000/hit_dom_0041.png,5234,25.445329666137695,-0.025465011596679688,0.025465011596679688,253729.7585984153,3364956.8146676044,0.40294959399188746,25.44628925902964,0.3210659909693163,41,R_xml_transpose,2520.0,2067.0,-174.29524377299495,-0.40095391432987526,0.40294959399188746,-0.040054136887192726,7,2519.6871473342144,2068.137001969036,366.1818051331339,0000.jpg,patches/0000/query_0041.png,25.768564224243164,photo.rotation.T,cam_to_world_correct,R_camera_to_world = R_xml.T,1.1792583551034697,R_xml_transpose,2473,patches/0000/tiepoint_dom_0041.png,5234,11.141818046569824,25.470794677734375,0.34557140967405076,3793,253730.15955232963,3364956.8547217413,541988.107821721,3363595.350852525,25.125223268060324,R_world_to_camera = R_xml
1,20,True,367.9521484375,0.3832723302343197,1690,patches/0000/hit_dom_0042.png,5362,24.15606689453125,0.04067039489746094,0.04067039489746094,253620.43882381023,3364938.9388818205,2.8069606934026083,24.156864902850543,0.38238049628176896,42,R_xml_transpose,3565.0,2449.0,-86.5290013957609,0.16994268019334413,2.8069606934026083,-2.801811524666846,7,3565.144507359215,2448.963460466176,368.3354207677343,0000.jpg,patches/0000/query_0042.png,19.07998275756836,photo.rotation.T,cam_to_world_correct,R_camera_to_world = R_xml.T,0.14905540714560792,R_xml_transpose,1689,patches/0000/tiepoint_dom_0042.png,5342,16.566091537475586,24.11539649963379,0.3409120930650147,3871,253620.26888113003,3364941.740693345,541878.6919886336,3363577.336194341,23.774484406568774,R_world_to_camera = R_xml
0,13,True,363.8369140625,1.1384970219791057,1967,patches/0000/hit_dom_0043.png,5279,27.996049880981445,2.238250732421875,2.238250732421875,253659.2932966687,3364950.516642884,1.886247242416299,27.99546150387755,1.1365631126847688,43,R_xml_transpose,3177.0,2365.0,-90.68601212664667,-0.022583819896681234,1.886247242416299,-1.8861120408400893,7,3176.8972056457974,2365.745792644139,364.9754110844791,0000.jpg,patches/0000/query_0043.png,26.81451416015625,photo.rotation.T,cam_to_world_correct,R_camera_to_world = R_xml.T,0.7528435078471389,R_xml_transpose,1967,patches/0000/tiepoint_dom_0043.png,5266,16.525188446044922,25.75779914855957,-1.101099242633211,4092,253659.3158804886,3364952.4027549247,541917.4300864335,3363589.0253344043,26.85889839119278,R_world_to_camera = R_xml
9,-1,True,366.9111328125,0.039294141914012926,2465,patches/0000/hit_dom_0044.png,5677,24.301488876342773,-0.4004783630371094,0.4004783630371094,253728.95374245613,3364894.727626133,1.237843746995524,24.301295874261655,0.03929877691001593,44,R_xml_transpose,2837.0,1523.0,4.929789326477026,1.2332646552531514,1.237843746995524,0.10637401975691319,7,2837.315562556464,1522.6307551505656,366.871838670586,0000.jpg,patches/0000/query_0044.png,27.755563735961914,photo.rotation.T,cam_to_world_correct,R_camera_to_world = R_xml.T,0.4857174959541582,R_xml_transpose,2456,patches/0000/tiepoint_dom_0044.png,5678,22.55116844177246,24.701967239379883,0.36137258820821216,4132,253727.72047780087,3364894.621252113,541987.3188809964,3363533.0949336546,24.34059465117167,R_world_to_camera = R_xml
4,15,True,367.0400390625,2.30010242449913,1930,patches/0000/hit_dom_0045.png,5623,24.753463745117188,-2.4153881072998047,2.4153881072998047,253654.13494722347,3364902.3435724843,2.239144631624966,24.75364298486079,2.2975777168757645,45,R_xml_transpose,3456.0,1963.0,-73.93335613543846,0.6196950666198973,2.239144631624966,-2.1516846204176545,7,3456.5189964129754,1963.3215530085545,364.73993663800087,0000.jpg,patches/0000/query_0045.png,26.82186508178711,photo.rotation.T,cam_to_world_correct,R_camera_to_world = R_xml.T,0.6105355141118146,R_xml_transpose,1926,patches/0000/tiepoint_dom_0045.png,5608,22.921878814697266,27.168851852416992,0.11763115068043817,4278,253653.51525215685,3364904.4952571047,541912.9023964169,3363540.996664174,27.051220701736554,R_world_to_camera = R_xml
23,-11,True,372.2041015625,0.18254078578576127,2847,patches/0000/hit_dom_0046.png,6224,18.476797103881836,-0.8387966156005859,0.8387966156005859,253782.55521537067,3364818.1990052527,3.5501747889583157,18.476927851628602,0.1829645848493442,46,R_xml_transpose,2743.0,617.0,25.409080681526003,3.2067567980557214,3.5501747889583157,1.5233029476366937,7,2742.7318544911445,617.086179829326,372.38664234828576,0000.jpg,patches/0000/query_0046.png,39.713680267333984,photo.rotation.T,cam_to_world_correct,R_camera_to_world = R_xml.T,0.28165400210546687,R_xml_transpose,2824,patches/0000/tiepoint_dom_0046.png,6235,24.65536880493164,19.315593719482422,1.0216304527031639,4360,253779.3484585726,3364816.675702305,542040.9765325476,3363456.569702254,18.293963266779258,R_world_to_camera = R_xml
21,2,True,360.9853515625,0.7538712875847864,2429,patches/0000/hit_dom_0047.png,6157,30.15688705444336,-1.1423988342285156,1.1423988342285156,253723.92438559647,3364827.5351026836,2.9478857294439527,30.15695285776559,0.753754147103848,47,R_xml_transpose,3221.0,948.0,-5.472979097968887,2.934447170002386,2.9478857294439527,-0.2811584612354636,7,3220.60250122413,947.4946532645824,360.2314802749152,0000.jpg,patches/0000/query_0047.png,32.80337905883789,photo.rotation.T,cam_to_world_correct,R_camera_to_world = R_xml.T,0.6429468094760917,R_xml_transpose,2408,patches/0000/tiepoint_dom_0047.png,6155,28.235782623291016,31.299285888671875,0.3885788838024382,4373,253720.98993842647,3364827.816261145,541982.3624455095,3363466.156919486,30.910707004869437,R_world_to_camera = R_xml
19,-18,True,367.7080078125,2.853417660330308,3298,patches/0000/hit_dom_0048.png,5818,22.58485221862793,-2.6485061645507812,2.6485061645507812,253845.61735853733,3364875.0167323663,3.657864665200712,22.58539457029184,2.8611408397484865,48,R_xml_transpose,1918.0,786.0,44.36628971583264,2.6149496793514118,3.657864665200712,2.5577357336878777,7,1917.3135430548584,786.3533539969458,364.8545901521697,0000.jpg,patches/0000/query_0048.png,39.70793151855469,photo.rotation.T,cam_to_world_correct,R_camera_to_world = R_xml.T,0.7720635885020422,R_xml_transpose,3279,patches/0000/tiepoint_dom_0048.png,5836,31.861948013305664,25.23335838317871,-0.2131770268616151,4374,253843.00240885798,3364872.4589966326,542103.109806483,3363514.001313636,25.446535410040326,R_world_to_camera = R_xml
33,3,True,362.6005859375,1.2201410795438505,2127,patches/0000/hit_dom_0049.png,6547,28.773963928222656,2.5542240142822266,2.5542240142822266,253681.71423227253,3364772.896033367,4.6744745353014485,28.774384805693614,1.2200108737393407,49,R_xml_transpose,3848.0,698.0,-5.3614493923032605,4.654023983224761,4.6744745353014485,-0.43677562288939953,7,3849.165012841826,696.54952681028,363.82072701704385,0000.jpg,patches/0000/query_0049.png,34.98573684692383,photo.rotation.T,cam_to_world_correct,R_camera_to_world = R_xml.T,1.8604105449378483,R_xml_transpose,2094,patches/0000/tiepoint_dom_0049.png,6544,22.390962600708008,26.21973991394043,-1.334634018013844,4876,253677.0602082893,3364773.33280899,541939.905627779,3363410.546785423,27.554373931954274,R_world_to_camera = R_xml
-20,-33,True,369.9033203125,0.5579471351057919,3679,patches/0000/hit_dom_0050.png,4671,20.242130279541016,2.147430419921875,2.147430419921875,253899.03362910872,3365035.614400544,5.312277301181152,20.243259346983734,0.559887839711223,50,R_xml_transpose,711.0,1919.0,121.46297214921378,-2.772729485819582,5.312277301181152,4.5312538356520236,7,711.3779104415632,1918.2097545770343,370.4612674476058,0000.jpg,patches/0000/query_0050.png,23.58718490600586,photo.rotation.T,cam_to_world_correct,R_camera_to_world = R_xml.T,0.8759589775558512,R_xml_transpose,3699,patches/0000/tiepoint_dom_0050.png,4704,20.58580207824707,18.09469985961914,-1.5886716476533707,5074,253901.80635859453,3365031.0831467086,542157.6722043453,3363674.07581914,19.68337150727251,R_world_to_camera = R_xml
-12,-40,True,371.6728515625,0.6969610803114392,3901,patches/0000/hit_dom_0051.png,4976,18.167221069335938,0.6322975158691406,0.6322975158691406,253930.16795128255,3364992.8839208935,5.718167620016992,18.167885499236434,0.699174534009785,51,R_xml_transpose,670.0,1412.0,106.72737382054575,-1.6457921368419193,5.718167620016992,5.476203901693225,7,671.5913604492068,1411.0890820696036,372.36981264281144,0000.jpg,patches/0000/query_0051.png,36.07209014892578,photo.rotation.T,cam_to_world_correct,R_camera_to_world = R_xml.T,1.8336301576974143,R_xml_transpose,3913,patches/0000/tiepoint_dom_0051.png,5016,35.31766891479492,17.534923553466797,0.0662125882401483,5084,253931.8137434194,3364987.407716992,542188.8162323828,3363631.2247933596,17.46871096522665,R_world_to_camera = R_xml
22,-28,True,375.3232421875,0.04743419140027072,3456,patches/0000/hit_dom_0052.png,6154,14.724065780639648,0.039231300354003906,0.039231300354003906,253867.82663876098,3364827.96711015,4.943355463602324,14.72503322714033,0.04807450898493926,52,R_xml_transpose,1977.0,320.0,51.088578816492856,3.105011427134741,4.943355463602324,3.84651365224272,7,1978.3176628682027,319.41308490503843,375.27580799609973,0000.jpg,patches/0000/query_0052.png,11.975902557373047,photo.rotation.T,cam_to_world_correct,R_camera_to_world = R_xml.T,1.442464822078448,R_xml_transpose,3434,patches/0000/tiepoint_dom_0052.png,6182,8.564549446105957,14.684834480285645,-0.0882732558396242,5508,253864.72162733384,3364824.120596498,542126.0947257983,3363466.270917224,14.773107736125269,R_world_to_camera = R_xml
-17,-21,True,373.7099609375,1.6014157069071757,3298,patches/0000/hit_dom_0053.png,4814,16.810901641845703,1.523392677307129,1.523392677307129,253845.64491871433,3365015.6695529865,3.790189059234076,16.81027339069294,1.6044142749899493,53,R_xml_transpose,1251.0,2006.0,129.89986477340116,-2.431208513007732,3.790189059234076,2.9077067030593753,7,1251.807706441127,2005.8435815991509,375.3113766444072,0000.jpg,patches/0000/query_0053.png,27.120685577392578,photo.rotation.T,cam_to_world_correct,R_camera_to_world = R_xml.T,0.8227128363908676,R_xml_transpose,3315,patches/0000/tiepoint_dom_0053.png,4835,21.604089736938477,15.287508964538574,0.0816498488355819,5796,253848.07612722734,3365012.7618462835,542104.4636364976,3363654.3436309337,15.205859115702992,R_world_to_camera = R_xml
-1,2,True,369.5673828125,0.1501749050251533,2385,patches/0000/hit_dom_0054.png,5360,21.8002986907959,-0.12651443481445312,0.12651443481445312,253717.8462417345,3364939.1603183914,0.3023741418253214,21.80121220945398,0.149741717171878,54,R_xml_transpose,2713.0,1970.0,-95.7870373723717,-0.030488751275697723,0.3023741418253214,-0.3008331060409546,7,2712.0258195030447,1970.2957631381657,369.41720790747485,0000.jpg,patches/0000/query_0054.png,31.044008255004883,photo.rotation.T,cam_to_world_correct,R_camera_to_world = R_xml.T,1.0180881467465388,R_xml_transpose,2386,patches/0000/tiepoint_dom_0054.png,5358,14.038799285888672,21.92681312561035,-0.02414080101550553,6115,253717.8767304858,3364939.4611514974,541976.2940562747,3363577.643708341,21.950953926625857,R_world_to_camera = R_xml
4,-39,True,374.3037109375,1.6175727594348928,3870,patches/0000/hit_dom_0055.png,5260,15.506991386413574,-1.6801137924194336,1.6801137924194336,253925.73553971678,3364953.1167347543,5.436389185166884,15.506409161121724,1.623994211847787,55,R_xml_transpose,901.0,1101.0,84.15373937684144,0.5537480528873857,5.436389185166884,5.408113392535597,7,901.5234073106701,1100.2247357812994,372.6861381780651,0000.jpg,patches/0000/query_0055.png,66.34585571289062,photo.rotation.T,cam_to_world_correct,R_camera_to_world = R_xml.T,0.935408906126293,R_xml_transpose,3866,patches/0000/tiepoint_dom_0055.png,5299,59.58556365966797,17.187105178833008,0.05670180586349716,6253,253925.1817916639,3364947.7086213618,542183.2403534701,3363591.3768612086,17.13040337296951,R_world_to_camera = R_xml
19,-12,True,362.3935546875,0.7295916671245664,2931,patches/0000/hit_dom_0056.png,6035,28.241914749145508,-0.4548072814941406,0.4548072814941406,253794.22001177786,3364844.6495019933,3.0797696683750826,28.241797583299274,0.730112213916982,56,R_xml_transpose,2511.0,753.0,32.82649199563243,2.587979859992629,3.0797696683750826,1.6695333044044673,7,2510.502086019393,751.9108155219999,361.66396302037543,0000.jpg,patches/0000/query_0056.png,39.19379806518555,photo.rotation.T,cam_to_world_correct,R_camera_to_world = R_xml.T,1.1975980791568408,R_xml_transpose,2912,patches/0000/tiepoint_dom_0056.png,6047,29.610820770263672,28.69672203063965,-0.2751877665766074,6434,253791.63203191786,3364842.979968689,542052.5550425787,3363483.1815277804,28.971909797216256,R_world_to_camera = R_xml
-9,1,True,365.3115234375,0.09944351957938125,2422,patches/0000/hit_dom_0057.png,5035,26.091899871826172,-0.2812309265136719,0.2812309265136719,253723.01919712333,3364984.724659854,1.1841269406652644,26.091471475959338,0.09962133819209384,57,R_xml_transpose,2440.0,2348.0,-176.44995690793408,-1.181854715803638,1.1841269406652644,-0.07332149986177683,7,2439.9636968610625,2347.643655264628,365.4109669570794,0000.jpg,patches/0000/query_0057.png,21.112632751464844,photo.rotation.T,cam_to_world_correct,R_camera_to_world = R_xml.T,0.35818917951858664,R_xml_transpose,2431,patches/0000/tiepoint_dom_0057.png,5034,14.441239356994629,26.373130798339844,0.3812806605725996,6489,253724.20105183913,3364984.797981354,541981.4131692314,3363623.117347392,25.991850137767244,R_world_to_camera = R_xml
9,-9,True,370.4814453125,0.32093686508534347,2727,patches/0000/hit_dom_0058.png,5686,20.449201583862305,0.1735992431640625,0.1735992431640625,253765.71911127275,3364893.534045902,1.7441228999619824,20.449367845437962,0.3212420669922267,58,R_xml_transpose,2520.0,1336.0,43.884454217153646,1.2570577828155365,1.7441228999619824,1.2090369807556272,7,2520.909521166593,1335.032980508895,370.80238217758534,0000.jpg,patches/0000/query_0058.png,34.1757698059082,photo.rotation.T,cam_to_world_correct,R_camera_to_world = R_xml.T,1.32753736243387,R_xml_transpose,2718,patches/0000/tiepoint_dom_0058.png,5695,21.695011138916016,20.275602340698242,0.14747656225250694,6491,253764.46205348993,3364892.3250089213,542024.0963956075,3363531.7734726975,20.128125778445735,R_world_to_camera = R_xml
-20,20,True,366.5810546875,1.6553715300324257,1812,patches/0000/hit_dom_0059.png,4512,25.58983612060547,1.2342510223388672,1.2342510223388672,253637.58846634152,3365057.9324693363,3.9340944705943586,25.589819612513395,1.652295388437608,59,R_xml_transpose,2827.0,3397.0,-135.21436580272913,-2.7922132729145233,3.9340944705943586,-2.7713975431397557,7,2826.9201275131027,3395.6375956156944,368.2364262175324,0000.jpg,patches/0000/query_0059.png,28.42453384399414,photo.rotation.T,cam_to_world_correct,R_camera_to_world = R_xml.T,1.36474368309154,R_xml_transpose,1832,patches/0000/tiepoint_dom_0059.png,4492,18.050336837768555,24.3555850982666,0.4180608741908145,6519,253640.38067961443,3365060.7038668795,541895.6389115393,3363696.7514388687,23.937524224075787,R_world_to_camera = R_xml
7,7,True,365.2177734375,1.1112517745864352,2251,patches/0000/hit_dom_0060.png,5624,26.233745574951172,-2.5778331756591797,2.5778331756591797,253699.09035136673,3364902.2260750686,1.33150581314564,26.233913937447596,1.111224432408676,60,R_xml_transpose,3065.0,1737.0,-43.18227620983788,0.9709078739397228,1.33150581314564,-0.911178155336529,7,3064.979532453411,1737.7832485463714,364.10652166291356,0000.jpg,patches/0000/query_0060.png,30.4206485748291,photo.rotation.T,cam_to_world_correct,R_camera_to_world = R_xml.T,0.7835159257196199,R_xml_transpose,2244,patches/0000/tiepoint_dom_0060.png,5617,22.449832916259766,28.81157875061035,1.4664403807540793,6521,253698.1194434928,3364903.137253224,541957.5123265606,3363540.821078762,27.345138369856272,R_world_to_camera = R_xml
-18,-30,True,373.5361328125,0.32987990381900545,3525,patches/0000/hit_dom_0061.png,4620,16.78516387939453,0.4774761199951172,0.4774761199951172,253877.47476198696,3365042.8355590543,4.897225911326841,16.78594551384907,0.33092254583255,61,R_xml_transpose,867.0,2083.0,120.90515722756079,-2.51530575286597,4.897225911326841,4.2019113027490675,7,867.8633810977453,2082.275397432632,373.206252908681,0000.jpg,patches/0000/query_0061.png,25.528614044189453,photo.rotation.T,cam_to_world_correct,R_camera_to_world = R_xml.T,1.1271538495610467,R_xml_transpose,3543,patches/0000/tiepoint_dom_0061.png,4650,24.152395248413086,16.307687759399414,-0.8091803002822076,6552,253879.99006773983,3365038.6336477515,542135.6706590182,3363681.043311702,17.11686805968162,R_world_to_camera = R_xml
3,-42,True,374.3994140625,0.5083085545099948,3975,patches/0000/hit_dom_0062.png,5534,15.237133026123047,0.28047943115234375,0.28047943115234375,253940.47386549864,3364914.7826733924,5.818242581151118,15.236698474369405,0.5103550092339901,62,R_xml_transpose,969.0,717.0,85.47849110684497,0.4586714604520239,5.818242581151118,5.800135103985667,7,969.7964643438079,716.4908712154302,374.90772261701,0000.jpg,patches/0000/query_0062.png,12.212987899780273,photo.rotation.T,cam_to_world_correct,R_camera_to_world = R_xml.T,0.9452870306075739,R_xml_transpose,3972,patches/0000/tiepoint_dom_0062.png,5576,11.589167594909668,14.956653594970703,0.23031012983528854,6626,253940.0151940382,3364908.9825382885,542199.0895334029,3363553.069874132,14.726343465135415,R_world_to_camera = R_xml
