image,candidate,offset_east_m,offset_north_m,offset_alt_m,yaw_offset_deg,edge_chamfer,edge_overlap_ratio,objective,passes_strict_visual_gate,selected_by_visual_objective,safe_output_worse_than_initial,valid_depth_ratio,query_edge_count,render_edge_count
0000.jpg,initial,0.0,0.0,0.0,0.0,9.630294799804688,0.5285714285714286,9.101723371233259,True,False,False,1.0,734,490
0000.jpg,ep2_nz0_yz0,2.0,0.0,0.0,0.0,9.653855323791504,0.42685370741482964,9.227001616376674,False,False,True,1.0,734,499
0000.jpg,em2_nz0_yz0,-2.0,0.0,0.0,0.0,10.004671096801758,0.7053571428571429,9.299313953944615,False,False,True,0.9999457465277778,734,448
0000.jpg,ez0_np2_yz0,0.0,2.0,0.0,0.0,9.881991386413574,0.49480249480249483,9.38718889161108,False,False,True,0.9999728732638888,734,481
0000.jpg,ez0_nm2_yz0,0.0,-2.0,0.0,0.0,9.936878204345703,0.5760869565217391,9.360791247823965,False,False,True,1.0,734,460
0000.jpg,ez0_nz0_yp0p5,0.0,0.0,0.0,0.5,9.588724136352539,0.5450121654501217,9.043711970902418,True,False,False,1.0,734,411
0000.jpg,ez0_nz0_ym0p5,0.0,0.0,0.0,-0.5,9.791240692138672,0.705,9.086240692138672,False,False,True,0.9999728732638888,734,400
0000.jpg,ep2_nz0_yp0p5,2.0,0.0,0.0,0.5,9.491663932800293,0.46990291262135925,9.021761020178934,False,False,True,1.0,734,515
0000.jpg,em2_nz0_yp0p5,-2.0,0.0,0.0,0.5,9.418996810913086,0.6547368421052632,8.764259968807822,True,False,False,0.9999457465277778,734,475
0000.jpg,ez0_np2_yp0p5,0.0,2.0,0.0,0.5,9.467374801635742,0.5422885572139303,8.925086244421811,True,False,False,1.0,734,402
0000.jpg,ez0_nm2_yp0p5,0.0,-2.0,0.0,0.5,9.907349586486816,0.5431818181818182,9.364167768304998,False,False,True,1.0,734,440
0000.jpg,ez0_nz0_yp1,0.0,0.0,0.0,1.0,10.040475845336914,0.3895131086142322,9.650962736722683,False,False,True,1.0,734,534
0000.jpg,em4_nz0_yp0p5,-4.0,0.0,0.0,0.5,8.662717819213867,0.631004366812227,8.03171345240164,True,False,False,0.9998914930555556,734,458
0000.jpg,em2_np2_yp0p5,-2.0,2.0,0.0,0.5,9.620780944824219,0.6381578947368421,8.982623050087376,True,False,False,0.9999186197916666,734,456
0000.jpg,em2_nm2_yp0p5,-2.0,-2.0,0.0,0.5,9.448143005371094,0.7944862155388471,8.653656789832247,True,False,False,0.9999728732638888,734,399
0000.jpg,em2_nz0_yp1,-2.0,0.0,0.0,1.0,9.727190971374512,0.6072289156626506,9.119962055711861,False,False,True,0.9999728732638888,734,415
0000.jpg,em6_nz0_yp0p5,-6.0,0.0,0.0,0.5,7.7730278968811035,0.6540284360189573,7.118999460862146,True,False,False,0.9998101128472222,734,422
0000.jpg,em4_np2_yp0p5,-4.0,2.0,0.0,0.5,9.531614303588867,0.75,8.781614303588867,True,False,False,0.9998914930555556,734,448
0000.jpg,em4_nm2_yp0p5,-4.0,-2.0,0.0,0.5,9.644087791442871,0.6264236902050114,9.017664101237859,False,False,True,0.9999457465277778,734,439
0000.jpg,em4_nz0_yp1,-4.0,0.0,0.0,1.0,9.760674476623535,0.6709129511677282,9.089761525455806,False,False,True,0.9999457465277778,734,471
0000.jpg,em4_nz0_yz0,-4.0,0.0,0.0,0.0,9.54463005065918,0.6924829157175398,8.85214713494164,True,False,False,0.9998643663194444,734,439
0000.jpg,em8_nz0_yp0p5,-8.0,0.0,0.0,0.5,10.349300384521484,0.7466666666666667,9.602633717854818,False,False,True,0.9998101128472222,734,450
0000.jpg,em6_np2_yp0p5,-6.0,2.0,0.0,0.5,7.818968772888184,0.6945701357466063,7.124398637141577,True,False,False,0.9998101128472222,734,442
0000.jpg,em6_nm2_yp0p5,-6.0,-2.0,0.0,0.5,10.14371395111084,0.6272912423625254,9.516422708748314,False,False,True,0.9998914930555556,734,491
0000.jpg,em6_nz0_yp1,-6.0,0.0,0.0,1.0,9.207622528076172,0.6531645569620254,8.554457971114147,True,False,False,0.9999186197916666,734,395
0000.jpg,em6_nz0_yz0,-6.0,0.0,0.0,0.0,7.735404968261719,0.7106382978723405,7.024766670389378,True,False,False,0.9998101128472222,734,470
0000.jpg,em8_nz0_yz0,-8.0,0.0,0.0,0.0,7.874053001403809,0.734341252699784,7.139711748704024,True,False,False,0.999755859375,734,463
0000.jpg,em6_np2_yz0,-6.0,2.0,0.0,0.0,8.052896499633789,0.7135802469135802,7.3393162527202085,True,False,False,0.9997829861111112,734,405
0000.jpg,em6_nm2_yz0,-6.0,-2.0,0.0,0.0,7.95466423034668,0.6473029045643154,7.307361325782364,True,False,False,0.9998101128472222,734,482
0000.jpg,em6_nz0_ym0p5,-6.0,0.0,0.0,-0.5,9.359722137451172,0.7473903966597077,8.612331740791465,True,False,False,0.9998643663194444,734,479
0000.jpg,em5_nz0_yz0,-5.0,0.0,0.0,0.0,8.035930633544922,0.6375545851528385,7.398376048392083,True,False,False,0.9997829861111112,734,458
0000.jpg,em7_nz0_yz0,-7.0,0.0,0.0,0.0,7.8265886306762695,0.7527114967462039,7.073877133930066,True,False,False,0.9997829861111112,734,461
0000.jpg,em6_np1_yz0,-6.0,1.0,0.0,0.0,7.34524393081665,0.7695749440715883,6.575668986745062,True,True,False,0.9998372395833334,734,447
0000.jpg,em6_nm1_yz0,-6.0,-1.0,0.0,0.0,8.115449905395508,0.6855895196506551,7.429860385744853,True,False,False,0.9998101128472222,734,458
0000.jpg,em6_nz0_yp0p25,-6.0,0.0,0.0,0.25,10.032938957214355,0.6155555555555555,9.4173834016588,False,False,True,0.9998372395833334,734,450
0000.jpg,em6_nz0_ym0p25,-6.0,0.0,0.0,-0.25,7.910813331604004,0.7418604651162791,7.168952866487725,True,False,False,0.9998372395833334,734,430
0000.jpg,em5_np1_yz0,-5.0,1.0,0.0,0.0,7.948395729064941,0.684331797235023,7.264063931829918,True,False,False,0.9998643663194444,734,434
0000.jpg,em7_np1_yz0,-7.0,1.0,0.0,0.0,8.165066719055176,0.7080610021786492,7.457005716876527,True,False,False,0.9998101128472222,734,459
0000.jpg,em6_np1_yp0p25,-6.0,1.0,0.0,0.25,7.634139060974121,0.7534562211981567,6.8806828397759645,True,False,False,0.9998101128472222,734,434
0000.jpg,em6_np1_ym0p25,-6.0,1.0,0.0,-0.25,7.901755332946777,0.6916299559471366,7.210125376999641,True,False,False,0.9998101128472222,734,454
0001.JPG,initial,0.0,0.0,0.0,0.0,4.17815637588501,0.6847222222222222,3.4934341536627875,True,False,False,1.0,1475,1440
0001.JPG,ep2_nz0_yz0,2.0,0.0,0.0,0.0,4.46837043762207,0.6170212765957447,3.8513491610263255,False,False,True,1.0,1475,1457
0001.JPG,em2_nz0_yz0,-2.0,0.0,0.0,0.0,4.248150825500488,0.6940572267057961,3.554093598794692,False,False,True,1.0,1475,1363
0001.JPG,ez0_np2_yz0,0.0,2.0,0.0,0.0,4.167277812957764,0.6832167832167833,3.4840610297409804,False,False,True,1.0,1475,1430
0001.JPG,ez0_nm2_yz0,0.0,-2.0,0.0,0.0,4.2384443283081055,0.6606271777003484,3.577817150607757,False,False,True,1.0,1475,1435
0001.JPG,ez0_nz0_yp0p5,0.0,0.0,0.0,0.5,4.235442638397217,0.6654904728299224,3.5699521655672943,False,False,True,1.0,1475,1417
0001.JPG,ez0_nz0_ym0p5,0.0,0.0,0.0,-0.5,4.358450889587402,0.6686390532544378,3.6898118363329644,False,False,True,1.0,1475,1352
0001.JPG,ep1_nz0_yz0,1.0,0.0,0.0,0.0,4.257626056671143,0.6403568977350721,3.6172691589360704,False,False,True,1.0,1475,1457
0001.JPG,em1_nz0_yz0,-1.0,0.0,0.0,0.0,4.230487823486328,0.6512749827705031,3.579212840715825,False,False,True,1.0,1475,1451
0001.JPG,ez0_np1_yz0,0.0,1.0,0.0,0.0,4.38344144821167,0.6414825374198146,3.741958910791855,False,False,True,1.0,1475,1403
0001.JPG,ez0_nm1_yz0,0.0,-1.0,0.0,0.0,4.326195240020752,0.6703146374829001,3.655880602537852,False,False,True,1.0,1475,1462
0001.JPG,ez0_nz0_yp0p25,0.0,0.0,0.0,0.25,4.110897541046143,0.6257627118644068,3.4851348291817357,False,False,True,1.0,1475,1500
0001.JPG,ez0_nz0_ym0p25,0.0,0.0,0.0,-0.25,4.070367813110352,0.711864406779661,3.3585034063306907,True,True,False,1.0,1475,1521
0001.JPG,ep1_nz0_ym0p25,1.0,0.0,0.0,-0.25,4.047819137573242,0.6237288135593221,3.42409032401392,False,False,True,1.0,1475,1487
0001.JPG,em1_nz0_ym0p25,-1.0,0.0,0.0,-0.25,3.944936752319336,0.6784260515603799,3.266510700758956,False,False,True,1.0,1475,1474
0001.JPG,ez0_np1_ym0p25,0.0,1.0,0.0,-0.25,4.173038482666016,0.6388294075660242,3.5342090750999913,False,False,True,1.0,1475,1401
0001.JPG,ez0_nm1_ym0p25,0.0,-1.0,0.0,-0.25,4.02328634262085,0.6590909090909091,3.3641954335299404,False,False,True,1.0,1475,1452
0001.JPG,ep0p5_nz0_ym0p25,0.5,0.0,0.0,-0.25,4.016461372375488,0.6716929403701165,3.3447684320053717,False,False,True,1.0,1475,1459
0001.JPG,em0p5_nz0_ym0p25,-0.5,0.0,0.0,-0.25,4.232415199279785,0.666196189131969,3.566219010147816,False,False,True,1.0,1475,1417
0001.JPG,ez0_np0p5_ym0p25,0.0,0.5,0.0,-0.25,4.255636215209961,0.6436132674664785,3.6120229477434824,False,False,True,1.0,1475,1417
0001.JPG,ez0_nm0p5_ym0p25,0.0,-0.5,0.0,-0.25,4.370673179626465,0.6396396396396397,3.731033539986825,False,False,True,1.0,1475,1443
0001.JPG,ez0_nz0_ym0p125,0.0,0.0,0.0,-0.125,4.255349636077881,0.685432793807178,3.569916842270703,False,False,True,1.0,1475,1421
0001.JPG,ez0_nz0_ym0p375,0.0,0.0,0.0,-0.375,4.787147521972656,0.6448398576512455,4.142307664321411,False,False,True,1.0,1475,1405
0001.JPG,ep0p25_nz0_ym0p25,0.25,0.0,0.0,-0.25,4.317936897277832,0.645,3.672936897277832,False,False,True,1.0,1475,1400
0001.JPG,em0p25_nz0_ym0p25,-0.25,0.0,0.0,-0.25,4.2747721672058105,0.6734550561797753,3.6013171110260354,False,False,True,1.0,1475,1424
0001.JPG,ez0_np0p25_ym0p25,0.0,0.25,0.0,-0.25,4.233741760253906,0.6812320916905444,3.5525096685633617,False,False,True,1.0,1475,1396
0001.JPG,ez0_nm0p25_ym0p25,0.0,-0.25,0.0,-0.25,4.024640083312988,0.6596610169491526,3.3649790663638357,False,False,True,1.0,1475,1505
0001.JPG,ez0_nz0_ym0p188,0.0,0.0,0.0,-0.1875,4.192839622497559,0.6842470506592644,3.508592571838294,False,False,True,1.0,1475,1441
0001.JPG,ez0_nz0_ym0p312,0.0,0.0,0.0,-0.3125,4.1950273513793945,0.6946022727272727,3.500425078652122,False,False,True,1.0,1475,1408
0002.JPG,initial,0.0,0.0,0.0,0.0,4.727849006652832,0.4724550898203593,4.255393916832473,True,False,False,1.0,1773,1670
0002.JPG,ep2_nz0_yz0,2.0,0.0,0.0,0.0,5.149011611938477,0.46354475400118555,4.685466857937291,False,False,True,1.0,1773,1687
0002.JPG,em2_nz0_yz0,-2.0,0.0,0.0,0.0,4.668569087982178,0.470479704797048,4.198089383185129,False,False,True,1.0,1773,1626
0002.JPG,ez0_np2_yz0,0.0,2.0,0.0,0.0,5.053516387939453,0.453416149068323,4.60010023887113,False,False,True,1.0,1773,1610
0002.JPG,ez0_nm2_yz0,0.0,-2.0,0.0,0.0,4.853344917297363,0.46480582524271846,4.3885390920546445,False,False,True,1.0,1773,1648
0002.JPG,ez0_nz0_yp0p5,0.0,0.0,0.0,0.5,4.937258720397949,0.43933823529411764,4.4979204851038315,False,False,True,1.0,1773,1632
0002.JPG,ez0_nz0_ym0p5,0.0,0.0,0.0,-0.5,5.166479110717773,0.44228356336260977,4.724195547355164,False,False,True,1.0,1773,1594
0002.JPG,ep1_nz0_yz0,1.0,0.0,0.0,0.0,5.112695693969727,0.4607594936708861,4.651936200298841,False,False,True,1.0,1773,1580
0002.JPG,em1_nz0_yz0,-1.0,0.0,0.0,0.0,4.590873718261719,0.4811054709531867,4.109768247308532,True,False,False,1.0,1773,1775
0002.JPG,ez0_np1_yz0,0.0,1.0,0.0,0.0,4.766199111938477,0.45539906103286387,4.310800050905613,False,False,True,1.0,1773,1704
0002.JPG,ez0_nm1_yz0,0.0,-1.0,0.0,0.0,4.584899425506592,0.5044669446098868,4.080432480896705,True,False,False,1.0,1773,1679
0002.JPG,ez0_nz0_yp0p25,0.0,0.0,0.0,0.25,4.928179740905762,0.46980676328502413,4.458372977620738,False,False,True,1.0,1773,1656
0002.JPG,ez0_nz0_ym0p25,0.0,0.0,0.0,-0.25,4.589298248291016,0.5112781954887218,4.078020052802294,True,False,False,1.0,1773,1729
0002.JPG,ep1_nz0_ym0p25,1.0,0.0,0.0,-0.25,4.795174598693848,0.47868453105968334,4.316490067634164,False,False,True,1.0,1773,1642
0002.JPG,em1_nz0_ym0p25,-1.0,0.0,0.0,-0.25,4.566536903381348,0.5094569859670531,4.057079917414295,True,False,False,1.0,1773,1639
0002.JPG,ez0_np1_ym0p25,0.0,1.0,0.0,-0.25,4.959190368652344,0.4427658338175479,4.516424534834796,False,False,True,1.0,1773,1721
0002.JPG,ez0_nm1_ym0p25,0.0,-1.0,0.0,-0.25,5.027956008911133,0.4578313253012048,4.570124683609928,False,False,True,1.0,1773,1577
0002.JPG,em2_nz0_ym0p25,-2.0,0.0,0.0,-0.25,4.735403060913086,0.44609004739336494,4.289313013519721,False,False,True,1.0,1773,1688
0002.JPG,em1_np1_ym0p25,-1.0,1.0,0.0,-0.25,4.684549331665039,0.48408812729498163,4.2004612043700575,True,False,False,1.0,1773,1634
0002.JPG,em1_nm1_ym0p25,-1.0,-1.0,0.0,-0.25,4.785104751586914,0.48634590377113135,4.298758847815782,False,False,True,1.0,1773,1538
0002.JPG,em1_nz0_ym0p5,-1.0,0.0,0.0,-0.5,5.009430885314941,0.4486322188449848,4.560798666469957,False,False,True,1.0,1773,1645
0002.JPG,em0p5_nz0_ym0p25,-0.5,0.0,0.0,-0.25,4.897850036621094,0.46808510638297873,4.429764930238115,False,False,True,1.0,1773,1598
0002.JPG,em1p5_nz0_ym0p25,-1.5,0.0,0.0,-0.25,4.770029544830322,0.48166948674562887,4.2883600580846934,False,False,True,1.0,1773,1776
0002.JPG,em1_np0p5_ym0p25,-1.0,0.5,0.0,-0.25,4.762845516204834,0.48784933171324424,4.27499618449159,False,False,True,1.0,1773,1646
0002.JPG,em1_nm0p5_ym0p25,-1.0,-0.5,0.0,-0.25,4.485838890075684,0.5029976019184652,3.9828412881572186,True,True,False,1.0,1773,1668
0002.JPG,em1_nz0_ym0p125,-1.0,0.0,0.0,-0.125,4.810125827789307,0.49753390875462394,4.312591919034682,False,False,True,1.0,1773,1622
0002.JPG,em1_nz0_ym0p375,-1.0,0.0,0.0,-0.375,4.838527679443359,0.45879602571595557,4.379731653727404,False,False,True,1.0,1773,1711
0002.JPG,em0p5_nm0p5_ym0p25,-0.5,-0.5,0.0,-0.25,5.024824619293213,0.4780185758513932,4.54680604344182,False,False,True,1.0,1773,1615
0002.JPG,em1p5_nm0p5_ym0p25,-1.5,-0.5,0.0,-0.25,4.625019073486328,0.48517350157728706,4.139845571909041,True,False,False,1.0,1773,1585
0002.JPG,em1_nm0p5_ym0p125,-1.0,-0.5,0.0,-0.125,4.7975616455078125,0.49605343047966,4.301508215028153,False,False,True,1.0,1773,1647
0002.JPG,em1_nm0p5_ym0p375,-1.0,-0.5,0.0,-0.375,4.682016372680664,0.4826368452030606,4.199379527477603,True,False,False,1.0,1773,1699
0002.JPG,em0p75_nm0p5_ym0p25,-0.75,-0.5,0.0,-0.25,4.7315850257873535,0.48808796579108127,4.2434970599962725,False,False,True,1.0,1773,1637
0002.JPG,em1p25_nm0p5_ym0p25,-1.25,-0.5,0.0,-0.25,4.606078147888184,0.4921968787515006,4.113881269136683,True,False,False,1.0,1773,1666
0002.JPG,em1_nm0p25_ym0p25,-1.0,-0.25,0.0,-0.25,4.713094711303711,0.4892966360856269,4.223798075218084,True,False,False,1.0,1773,1635
0002.JPG,em1_nm0p75_ym0p25,-1.0,-0.75,0.0,-0.25,4.805015563964844,0.46368715083798884,4.341328413126855,False,False,True,1.0,1773,1611
0002.JPG,em1_nm0p5_ym0p188,-1.0,-0.5,0.0,-0.1875,4.794508934020996,0.484996938150643,4.309511995870353,False,False,True,1.0,1773,1633
0002.JPG,em1_nm0p5_ym0p312,-1.0,-0.5,0.0,-0.3125,4.624692916870117,0.5020196191575302,4.122673297712587,True,False,False,1.0,1773,1733
0003.JPG,initial,0.0,0.0,0.0,0.0,4.390451431274414,0.6980365605958023,3.6924148706786117,True,False,False,1.0,1477,2134
0003.JPG,ep2_nz0_yz0,2.0,0.0,0.0,0.0,4.323225975036621,0.7197020988490183,3.603523876187603,True,False,False,1.0,1477,2195
0003.JPG,em2_nz0_yz0,-2.0,0.0,0.0,0.0,4.596004486083984,0.6472579553148273,3.948746530769157,False,False,True,1.0,1477,2021
0003.JPG,ez0_np2_yz0,0.0,2.0,0.0,0.0,4.504997730255127,0.6804333107650643,3.8245644194900628,False,False,True,1.0,1477,2098
0003.JPG,ez0_nm2_yz0,0.0,-2.0,0.0,0.0,4.342872142791748,0.6228842247799594,3.7199879180117885,False,False,True,1.0,1477,2011
0003.JPG,ez0_nz0_yp0p5,0.0,0.0,0.0,0.5,4.420853614807129,0.7224102911306702,3.6984433236764587,False,False,True,1.0,1477,2219
0003.JPG,ez0_nz0_ym0p5,0.0,0.0,0.0,-0.5,4.542375564575195,0.6607989167230873,3.881576647852108,False,False,True,1.0,1477,2055
0003.JPG,ep4_nz0_yz0,4.0,0.0,0.0,0.0,4.031550407409668,0.7271496276235613,3.3044007797861066,True,False,False,1.0,1477,2132
0003.JPG,ep2_np2_yz0,2.0,2.0,0.0,0.0,4.674750328063965,0.6506431956668923,4.024107132397073,False,False,True,1.0,1477,1959
0003.JPG,ep2_nm2_yz0,2.0,-2.0,0.0,0.0,4.598609447479248,0.6391333784698714,3.9594760690093764,False,False,True,1.0,1477,1948
0003.JPG,ep2_nz0_yp0p5,2.0,0.0,0.0,0.5,4.833457946777344,0.6391333784698714,4.194324568307472,False,False,True,1.0,1477,2007
0003.JPG,ep2_nz0_ym0p5,2.0,0.0,0.0,-0.5,4.449710845947266,0.7149627623561273,3.734748083591138,False,False,True,1.0,1477,2088
0003.JPG,ep6_nz0_yz0,6.0,0.0,0.0,0.0,4.514647483825684,0.6384563303994584,3.876191153426225,False,False,True,1.0,1477,2075
0003.JPG,ep4_np2_yz0,4.0,2.0,0.0,0.0,4.110321998596191,0.7122545700744752,3.398067428521716,True,False,False,1.0,1477,2075
0003.JPG,ep4_nm2_yz0,4.0,-2.0,0.0,0.0,4.5696306228637695,0.6330399458361544,3.936590677027615,False,False,True,1.0,1477,2060
0003.JPG,ep4_nz0_yp0p5,4.0,0.0,0.0,0.5,4.395818710327148,0.6547054840893703,3.741113226237778,False,False,True,1.0,1477,2072
0003.JPG,ep4_nz0_ym0p5,4.0,0.0,0.0,-0.5,4.394026756286621,0.6425186188219364,3.751508137464685,False,False,True,1.0,1477,1998
0003.JPG,ep5_nz0_yz0,5.0,0.0,0.0,0.0,4.20479154586792,0.7095463777928233,3.4952451680750967,True,False,False,1.0,1477,2116
0003.JPG,ep3_nz0_yz0,3.0,0.0,0.0,0.0,4.513862609863281,0.6729857819905213,3.84087682787276,False,False,True,1.0,1477,2060
0003.JPG,ep4_np1_yz0,4.0,1.0,0.0,0.0,4.253523826599121,0.7400135409614083,3.5135102856377127,True,False,False,1.0,1477,2220
0003.JPG,ep4_nm1_yz0,4.0,-1.0,0.0,0.0,4.504605293273926,0.6479350033852403,3.8566702898886853,False,False,True,1.0,1477,2039
0003.JPG,ep4_nz0_yp0p25,4.0,0.0,0.0,0.25,4.4422712326049805,0.6851726472579553,3.757098585347025,False,False,True,1.0,1477,2119
0003.JPG,ep4_nz0_ym0p25,4.0,0.0,0.0,-0.25,4.556342601776123,0.6709546377792823,3.8853879639968407,False,False,True,1.0,1477,2054
0003.JPG,ep4p5_nz0_yz0,4.5,0.0,0.0,0.0,4.196373462677002,0.6675693974272173,3.5288040652497847,False,False,True,1.0,1477,2049
0003.JPG,ep3p5_nz0_yz0,3.5,0.0,0.0,0.0,4.1479644775390625,0.7237643872714963,3.424200090267566,True,False,False,1.0,1477,2150
0003.JPG,ep4_np0p5_yz0,4.0,0.5,0.0,0.0,3.906494617462158,0.7582938388625592,3.148200778599599,True,True,False,1.0,1477,2186
0003.JPG,ep4_nm0p5_yz0,4.0,-0.5,0.0,0.0,4.5295562744140625,0.6553825321597834,3.8741737422542792,False,False,True,1.0,1477,1977
0003.JPG,ep4_nz0_yp0p125,4.0,0.0,0.0,0.125,4.516576290130615,0.6716316858496953,3.84494460428092,False,False,True,1.0,1477,2150
0003.JPG,ep4_nz0_ym0p125,4.0,0.0,0.0,-0.125,4.31895637512207,0.7088693297224103,3.61008704539966,True,False,False,1.0,1477,2065
0003.JPG,ep4p5_np0p5_yz0,4.5,0.5,0.0,0.0,4.331056594848633,0.6662153012863913,3.6648412935622416,False,False,True,1.0,1477,2154
0003.JPG,ep3p5_np0p5_yz0,3.5,0.5,0.0,0.0,4.417052745819092,0.7061611374407583,3.7108916083783337,False,False,True,1.0,1477,2058
0003.JPG,ep4_np0p5_yp0p125,4.0,0.5,0.0,0.125,4.211955547332764,0.7271496276235613,3.4848059197092023,True,False,False,1.0,1477,2172
0003.JPG,ep4_np0p5_ym0p125,4.0,0.5,0.0,-0.125,4.354710578918457,0.6919431279620853,3.6627674509563715,False,False,True,1.0,1477,2149
0003.JPG,ep4p25_np0p5_yz0,4.25,0.5,0.0,0.0,4.134829044342041,0.6993906567366283,3.4354383876054126,True,False,False,1.0,1477,2093
0003.JPG,ep3p75_np0p5_yz0,3.75,0.5,0.0,0.0,4.29278564453125,0.7278266756939743,3.5649589688372756,True,False,False,1.0,1477,2153
0003.JPG,ep4_np0p75_yz0,4.0,0.75,0.0,0.0,4.163249492645264,0.7285037237643873,3.4347457688808762,True,False,False,1.0,1477,2119
0003.JPG,ep4_np0p25_yz0,4.0,0.25,0.0,0.0,4.145268440246582,0.6723087339201084,3.4729597063264737,False,False,True,1.0,1477,2028
0003.JPG,ep4_np0p5_yp0p062,4.0,0.5,0.0,0.0625,4.054728984832764,0.7420446851726472,3.3126842996601162,True,False,False,1.0,1477,2090
0003.JPG,ep4_np0p5_ym0p062,4.0,0.5,0.0,-0.0625,4.283453941345215,0.7115775220040623,3.5718764193411525,True,False,False,1.0,1477,2084
0004.JPG,initial,0.0,0.0,0.0,0.0,2.9588804244995117,0.8932542624166049,2.065626162082907,True,False,False,1.0,2698,3654
0004.JPG,ep2_nz0_yz0,2.0,0.0,0.0,0.0,2.9418540000915527,0.9132690882134915,2.0285849118780614,True,False,False,1.0,2698,3576
0004.JPG,em2_nz0_yz0,-2.0,0.0,0.0,0.0,2.966001510620117,0.9010378057820608,2.0649637048380565,False,False,True,1.0,2698,3571
0004.JPG,ez0_np2_yz0,0.0,2.0,0.0,0.0,3.1151695251464844,0.8665678280207562,2.248601697125728,False,False,True,1.0,2698,3407
0004.JPG,ez0_nm2_yz0,0.0,-2.0,0.0,0.0,2.879296064376831,0.8943661971830986,1.9849298671937325,True,False,False,1.0,2698,3549
0004.JPG,ez0_nz0_yp0p5,0.0,0.0,0.0,0.5,3.047530174255371,0.8806523350630097,2.1668778391923613,False,False,True,1.0,2698,3434
0004.JPG,ez0_nz0_ym0p5,0.0,0.0,0.0,-0.5,2.8783774375915527,0.9177168272794662,1.9606606103120865,True,False,False,1.0,2698,3616
0004.JPG,ep2_nz0_ym0p5,2.0,0.0,0.0,-0.5,3.023804187774658,0.9266123054114158,2.0971918823632425,False,False,True,1.0,2698,3539
0004.JPG,em2_nz0_ym0p5,-2.0,0.0,0.0,-0.5,2.869708299636841,0.9151223128243143,1.9545859868125266,True,False,False,1.0,2698,3534
0004.JPG,ez0_np2_ym0p5,0.0,2.0,0.0,-0.5,2.9659695625305176,0.8925129725722758,2.0734565899582416,False,False,True,1.0,2698,3565
0004.JPG,ez0_nm2_ym0p5,0.0,-2.0,0.0,-0.5,2.982100486755371,0.85470719051149,2.127393296243881,False,False,True,1.0,2698,3304
0004.JPG,ez0_nz0_ym1,0.0,0.0,0.0,-1.0,2.9684712886810303,0.8713862120088954,2.0970850766721347,False,False,True,1.0,2698,3461
0004.JPG,em4_nz0_ym0p5,-4.0,0.0,0.0,-0.5,3.0253493785858154,0.8891771682727947,2.1361722103130205,False,False,True,1.0,2698,3573
0004.JPG,em2_np2_ym0p5,-2.0,2.0,0.0,-0.5,3.010751724243164,0.8220904373610082,2.188661286882156,False,False,True,1.0,2698,3164
0004.JPG,em2_nm2_ym0p5,-2.0,-2.0,0.0,-0.5,3.0787768363952637,0.885470719051149,2.1933061173441146,False,False,True,1.0,2698,3455
0004.JPG,em2_nz0_ym1,-2.0,0.0,0.0,-1.0,2.977917194366455,0.8602668643439585,2.1176503300224967,False,False,True,1.0,2698,3458
0004.JPG,em1_nz0_ym0p5,-1.0,0.0,0.0,-0.5,3.0240044593811035,0.8602668643439585,2.163737595037145,False,False,True,1.0,2698,3381
0004.JPG,em3_nz0_ym0p5,-3.0,0.0,0.0,-0.5,2.910966396331787,0.8706449221645663,2.0403214741672207,False,False,True,1.0,2698,3542
0004.JPG,em2_np1_ym0p5,-2.0,1.0,0.0,-0.5,3.045703887939453,0.8561897702001483,2.189514117739305,False,False,True,1.0,2698,3516
0004.JPG,em2_nm1_ym0p5,-2.0,-1.0,0.0,-0.5,3.0519628524780273,0.8836174944403261,2.1683453580377012,False,False,True,1.0,2698,3500
0004.JPG,em2_nz0_ym0p25,-2.0,0.0,0.0,-0.25,3.086786985397339,0.8543365455893255,2.232450439808013,False,False,True,1.0,2698,3473
0004.JPG,em2_nz0_ym0p75,-2.0,0.0,0.0,-0.75,2.8945157527923584,0.9414381022979985,1.9530776504943599,True,False,False,1.0,2698,3699
0004.JPG,em1_nz0_ym0p75,-1.0,0.0,0.0,-0.75,3.0015273094177246,0.8891771682727947,2.1123501411449297,False,False,True,1.0,2698,3656
0004.JPG,em3_nz0_ym0p75,-3.0,0.0,0.0,-0.75,3.0089149475097656,0.8843587842846553,2.1245561632251104,False,False,True,1.0,2698,3523
0004.JPG,em2_np1_ym0p75,-2.0,1.0,0.0,-0.75,3.1990528106689453,0.8165307635285397,2.3825220471404056,False,False,True,1.0,2698,3398
0004.JPG,em2_nm1_ym0p75,-2.0,-1.0,0.0,-0.75,2.996426582336426,0.8565604151223128,2.139866167214113,False,False,True,1.0,2698,3472
0004.JPG,em1p5_nz0_ym0p75,-1.5,0.0,0.0,-0.75,3.0447521209716797,0.885470719051149,2.1592814019205306,False,False,True,1.0,2698,3578
0004.JPG,em2p5_nz0_ym0p75,-2.5,0.0,0.0,-0.75,2.9669718742370605,0.8899184581171238,2.077053416119937,False,False,True,1.0,2698,3511
0004.JPG,em2_np0p5_ym0p75,-2.0,0.5,0.0,-0.75,3.043778896331787,0.8569310600444774,2.18684783628731,False,False,True,1.0,2698,3553
0004.JPG,em2_nm0p5_ym0p75,-2.0,-0.5,0.0,-0.75,3.1346912384033203,0.8354336545589326,2.299257583844388,False,False,True,1.0,2698,3519
0004.JPG,em2_nz0_ym0p625,-2.0,0.0,0.0,-0.625,3.1593708992004395,0.8165307635285397,2.3428401356718997,False,False,True,1.0,2698,3402
0004.JPG,em2_nz0_ym0p875,-2.0,0.0,0.0,-0.875,3.021958827972412,0.8813936249073387,2.1405652030650733,False,False,True,1.0,2698,3543
0004.JPG,em1p75_nz0_ym0p75,-1.75,0.0,0.0,-0.75,2.958728551864624,0.9366197183098591,2.022108833554765,True,False,False,1.0,2698,3793
0004.JPG,em2p25_nz0_ym0p75,-2.25,0.0,0.0,-0.75,2.9949824810028076,0.8817642698295033,2.1132182111733044,False,False,True,1.0,2698,3584
0004.JPG,em2_np0p25_ym0p75,-2.0,0.25,0.0,-0.75,3.038050889968872,0.8765752409191994,2.161475649049673,False,False,True,1.0,2698,3541
0004.JPG,em2_nm0p25_ym0p75,-2.0,-0.25,0.0,-0.75,2.996519088745117,0.8758339510748703,2.1206851376702467,False,False,True,1.0,2698,3570
0004.JPG,em2_nz0_ym0p688,-2.0,0.0,0.0,-0.6875,2.995359182357788,0.8962194217939214,2.0991397605638666,False,False,True,1.0,2698,3582
0004.JPG,em2_nz0_ym0p812,-2.0,0.0,0.0,-0.8125,2.8428397178649902,0.9258710155670867,1.9169687022979036,True,True,False,1.0,2698,3670
0004.JPG,em1p75_nz0_ym0p812,-1.75,0.0,0.0,-0.8125,2.8967156410217285,0.9095626389918459,1.9871530020298827,True,False,False,1.0,2698,3483
0004.JPG,em2p25_nz0_ym0p812,-2.25,0.0,0.0,-0.8125,2.904160499572754,0.8939955522609341,2.0101649473118197,True,False,False,1.0,2698,3637
