dom_col,dom_patch_rel,dom_row,dsm_height,index,manual_label,manual_label_choices,manual_note,measurement_x,measurement_y,patch_mean_absdiff_rgb,photo_id,projected_x,projected_y,projection_depth,query_image,query_patch_rel,reprojection_error_px,tiepoint_index,tiepoint_raster_x,tiepoint_raster_y,tiepoint_xml_x,tiepoint_xml_y,tiepoint_xml_z
2953,patches/0001/dom_0000.png,5753,27.11801528930664,0,unlabeled,unlabeled|same_object|similar_but_texture_changed|geometry_or_scale_mismatch|not_same_object|uncertain,,2255.0,3169.0,34.970455169677734,13,2254.8220031810106,3168.952247663078,365.65818535665136,0001.jpg,patches/0001/query_0000.png,0.18429094728673853,18,253797.29203144868,3364884.191618035,542057.1195866456,3363524.5152024184,26.76176962077915
2768,patches/0001/dom_0001.png,6556,22.58926010131836,1,unlabeled,unlabeled|same_object|similar_but_texture_changed|geometry_or_scale_mismatch|not_same_object|uncertain,,3020.0,2298.0,53.108726501464844,13,3020.103509922753,2297.696047688109,370.2631145196288,0001.jpg,patches/0001/query_0001.png,0.3210939302013738,76,253771.4744827935,3364771.7158072516,542034.2987739994,3363411.431684279,21.71604750679768
2768,patches/0002/dom_0002.png,6556,22.58926010131836,2,unlabeled,unlabeled|same_object|similar_but_texture_changed|geometry_or_scale_mismatch|not_same_object|uncertain,,2995.0,3643.0,49.14802932739258,17,2996.0476235626243,3642.904597912529,371.4463473432355,0002.jpg,patches/0002/query_0002.png,1.0519585007306094,76,253771.4744827935,3364771.7158072516,542034.2987739994,3363411.431684279,21.71604750679768
1602,patches/0002/dom_0003.png,7211,25.5550479888916,3,unlabeled,unlabeled|same_object|similar_but_texture_changed|geometry_or_scale_mismatch|not_same_object|uncertain,,4751.0,3562.0,31.012720108032227,17,4752.368111955397,3560.8950100767825,368.64395682746994,0002.jpg,patches/0002/query_0003.png,1.758616801043257,97,253608.15621178388,3364679.9759249617,541873.5211133931,3363315.428120957,25.235092038552636
1014,patches/0001/dom_0004.png,6536,20.837011337280273,4,unlabeled,unlabeled|same_object|similar_but_texture_changed|geometry_or_scale_mismatch|not_same_object|uncertain,,4980.0,3378.0,30.862407684326172,13,4981.243438008507,3377.798571438668,373.3194215645685,0001.jpg,patches/0001/query_0004.png,1.2596473896769174,100,253525.81376116056,3364774.5194035303,541788.7303410604,3363407.7264259406,20.821623273171554
1529,patches/0000/dom_0005.png,4840,26.745466232299805,5,unlabeled,unlabeled|same_object|similar_but_texture_changed|geometry_or_scale_mismatch|not_same_object|uncertain,,3434.0,3177.0,36.27107620239258,7,3433.1145980235024,3176.417661469307,365.06568354915873,0000.jpg,patches/0000/query_0005.png,1.0597428104571673,115,253597.9743928643,3365012.0036448413,541854.5514269767,3363646.9609285328,27.340373376665184
2063,patches/0001/dom_0006.png,6672,26.77124786376953,6,unlabeled,unlabeled|same_object|similar_but_texture_changed|geometry_or_scale_mismatch|not_same_object|uncertain,,3968.0,2625.0,23.046171188354492,13,3968.276109024716,2625.8041801692743,364.9492440335656,0001.jpg,patches/0001/query_0006.png,0.8502599238960091,134,253672.71962948932,3364755.4517430007,541936.041615775,3363392.562867678,27.796374032443225
2917,patches/0000/dom_0007.png,5922,28.441240310668945,7,unlabeled,unlabeled|same_object|similar_but_texture_changed|geometry_or_scale_mismatch|not_same_object|uncertain,,2421.0,905.0,35.15555953979492,7,2421.02593635931,904.7544882710672,362.32264211805597,0000.jpg,patches/0000/query_0007.png,0.24687791269740544,160,253792.30759863567,3364860.425399392,542052.7680547398,3363500.6330430955,28.33978366809646
3278,patches/0000/dom_0008.png,5792,26.124332427978516,8,unlabeled,unlabeled|same_object|similar_but_texture_changed|geometry_or_scale_mismatch|not_same_object|uncertain,,1887.0,841.0,39.69014358520508,7,1887.4550722961587,839.9360944360917,364.31879978658816,0000.jpg,patches/0000/query_0008.png,1.157145558538857,166,253842.87962704376,3364878.6937860525,542102.8219585672,3363520.2286322773,25.99459103983429
3278,patches/0001/dom_0009.png,5792,26.124332427978516,9,unlabeled,unlabeled|same_object|similar_but_texture_changed|geometry_or_scale_mismatch|not_same_object|uncertain,,1878.0,2902.0,39.190372467041016,13,1878.1747846579042,2902.3597320188146,365.9946557243347,0001.jpg,patches/0001/query_0009.png,0.39994599885374316,166,253842.87962704376,3364878.6937860525,542102.8219585672,3363520.2286322773,25.99459103983429
3737,patches/0000/dom_0010.png,4805,17.819177627563477,10,unlabeled,unlabeled|same_object|similar_but_texture_changed|geometry_or_scale_mismatch|not_same_object|uncertain,,736.0,1772.0,24.428699493408203,7,736.5174754506636,1771.9276154254583,371.93934072254655,0000.jpg,patches/0000/query_0010.png,0.5225135105153543,167,253907.1742690884,3365016.84683915,542163.4135963058,3363659.9913309035,18.13884027650124
2094,patches/0001/dom_0011.png,6369,28.603593826293945,11,unlabeled,unlabeled|same_object|similar_but_texture_changed|geometry_or_scale_mismatch|not_same_object|uncertain,,3726.0,2977.0,27.240089416503906,13,3726.1051987199435,2977.9520230611624,365.4170729466873,0001.jpg,patches/0001/query_0011.png,0.9578176651444887,181,253677.02613139115,3364797.907743375,541939.2206415187,3363435.104161164,27.542306235018714
3464,patches/0000/dom_0012.png,5516,14.419303894042969,12,unlabeled,unlabeled|same_object|similar_but_texture_changed|geometry_or_scale_mismatch|not_same_object|uncertain,,1511.0,1089.0,13.403401374816895,7,1511.451583996835,1089.5781078512719,375.8152497340819,0000.jpg,patches/0000/query_0012.png,0.7335780762125592,204,253868.86838018,3364917.3379598632,542127.7695038287,3363559.535065547,14.371581054649653
2563,patches/0000/dom_0013.png,6027,24.799720764160156,13,unlabeled,unlabeled|same_object|similar_but_texture_changed|geometry_or_scale_mismatch|not_same_object|uncertain,,2934.0,1019.0,83.58455657958984,7,2933.905702748518,1018.5694857317516,366.69249305667796,0000.jpg,patches/0000/query_0013.png,0.44072044064529065,214,253742.72740205677,3364845.70182778,542003.6114309955,3363484.6061533373,24.317717212927903
2563,patches/0001/dom_0014.png,6027,24.799720764160156,14,unlabeled,unlabeled|same_object|similar_but_texture_changed|geometry_or_scale_mismatch|not_same_object|uncertain,,2919.0,3085.0,80.09571075439453,13,2919.6040277761635,3084.107009348744,368.350709864125,0001.jpg,patches/0001/query_0014.png,1.0780917667839387,214,253742.72740205677,3364845.70182778,542003.6114309955,3363484.6061533373,24.317717212927903
2226,patches/0000/dom_0015.png,6183,28.3570613861084,15,unlabeled,unlabeled|same_object|similar_but_texture_changed|geometry_or_scale_mismatch|not_same_object|uncertain,,3459.0,1045.0,26.044208526611328,7,3459.5437708272475,1044.6067102632594,364.0747447751219,0000.jpg,patches/0000/query_0015.png,0.6710912975079613,221,253695.53951970127,3364823.886503589,541957.0333619833,3363461.55569511,27.252506220059388
2951,patches/0001/dom_0016.png,5589,26.934099197387695,16,unlabeled,unlabeled|same_object|similar_but_texture_changed|geometry_or_scale_mismatch|not_same_object|uncertain,,2150.0,3366.0,35.14482116699219,13,2149.9890429285906,3365.4328943416876,365.76080073082994,0001.jpg,patches/0001/query_0016.png,0.567211499445985,249,253797.0351790335,3364907.1533310763,542056.2546875534,3363547.454568243,26.79735674342544
2473,patches/0000/dom_0017.png,5115,25.786157608032227,17,unlabeled,unlabeled|same_object|similar_but_texture_changed|geometry_or_scale_mismatch|not_same_object|uncertain,,2440.0,2218.0,24.558279037475586,7,2439.754269490228,2218.344932572552,365.4211451712171,0000.jpg,patches/0000/query_0017.png,0.4235114674244551,257,253730.17561016046,3364973.5554761114,541987.6814833035,3363612.040718725,25.916110545927495
2137,patches/0000/dom_0018.png,6113,27.21097755432129,18,unlabeled,unlabeled|same_object|similar_but_texture_changed|geometry_or_scale_mismatch|not_same_object|uncertain,,3525.0,1191.0,23.739778518676758,7,3525.185045261631,1190.6906788343053,364.1780580618824,0000.jpg,patches/0000/query_0018.png,0.36044601870285586,259,253683.05778280468,3364833.6955426466,541944.3002622921,3363471.0274708695,27.26131922776517
1304,patches/0001/dom_0019.png,6522,24.874858856201172,19,unlabeled,unlabeled|same_object|similar_but_texture_changed|geometry_or_scale_mismatch|not_same_object|uncertain,,4702.0,3254.0,29.38252830505371,13,4703.751407365875,3253.4186844916176,369.19208759938994,0001.jpg,patches/0001/query_0019.png,1.8453605288741872,267,253566.43887330565,3364776.416354846,541829.2776356222,3363410.6981498185,24.60562481547754
1304,patches/0000/dom_0020.png,6522,24.874858856201172,20,unlabeled,unlabeled|same_object|similar_but_texture_changed|geometry_or_scale_mismatch|not_same_object|uncertain,,4748.0,1262.0,30.112512588500977,7,4749.414489238517,1261.2416427077926,367.6108682094936,0000.jpg,patches/0000/query_0020.png,1.6049565690458245,267,253566.43887330565,3364776.416354846,541829.2776356222,3363410.6981498185,24.60562481547754
5103,patches/0002/dom_0021.png,7992,25.881690979003906,21,unlabeled,unlabeled|same_object|similar_but_texture_changed|geometry_or_scale_mismatch|not_same_object|uncertain,,1132.0,390.0,79.72968292236328,17,1132.4078551209504,390.2082931297168,365.99292199690984,0002.jpg,patches/0002/query_0021.png,0.4579648759159701,274,254098.50485819508,3364570.528682591,542366.4369302959,3363219.0425643525,23.319878930004506
3402,patches/0002/dom_0022.png,6644,15.094029426574707,22,unlabeled,unlabeled|same_object|similar_but_texture_changed|geometry_or_scale_mismatch|not_same_object|uncertain,,2292.0,3118.0,26.442581176757812,17,2292.4105888956733,3118.2474566927804,377.353187915844,0002.jpg,patches/0002/query_0022.png,0.4793934251238889,284,253860.18892189054,3364759.411774914,542123.2790770374,3363401.4858067213,15.029795339465124
2760,patches/0000/dom_0023.png,3865,19.286848068237305,23,unlabeled,unlabeled|same_object|similar_but_texture_changed|geometry_or_scale_mismatch|not_same_object|uncertain,,1323.0,3508.0,28.257415771484375,7,1323.9787583991554,3506.320617270915,373.9573878958953,0000.jpg,patches/0000/query_0023.png,1.9437835153806875,300,253770.27844360305,3365148.477854644,542023.1235257793,3363787.9069308625,17.39420327060577
3266,patches/0000/dom_0024.png,5198,15.369977951049805,24,unlabeled,unlabeled|same_object|similar_but_texture_changed|geometry_or_scale_mismatch|not_same_object|uncertain,,1540.0,1597.0,16.4451847076416,7,1540.7577028207509,1596.9022601770378,375.8151896874365,0000.jpg,patches/0000/query_0024.png,0.7639807835060427,309,253841.13405262702,3364961.8049620586,542098.8760623944,3363603.237335544,14.661959538731253
2633,patches/0000/dom_0025.png,5475,25.556074142456055,25,unlabeled,unlabeled|same_object|similar_but_texture_changed|geometry_or_scale_mismatch|not_same_object|uncertain,,2481.0,1659.0,26.338762283325195,7,2479.9022405894198,1659.057870810473,365.9349547359891,0000.jpg,patches/0000/query_0025.png,1.0992837460011342,314,253752.49381154837,3364923.1247569327,542011.3204182582,3363562.235341439,25.142065016256424
4208,patches/0001/dom_0026.png,5995,25.672096252441406,26,unlabeled,unlabeled|same_object|similar_but_texture_changed|geometry_or_scale_mismatch|not_same_object|uncertain,,898.0,2026.0,23.451496124267578,13,899.1903514415676,2025.5978662642578,368.4830805752016,0001.jpg,patches/0001/query_0026.png,1.2564426353256262,320,253973.1674324663,3364850.2231568326,542233.775808747,3363495.2283514836,22.19958573631942
1235,patches/0001/dom_0027.png,6139,29.5456485748291,27,unlabeled,unlabeled|same_object|similar_but_texture_changed|geometry_or_scale_mismatch|not_same_object|uncertain,,4544.0,3752.0,35.304107666015625,13,4544.637146963785,3751.7572133053695,364.4719690795317,0001.jpg,patches/0001/query_0027.png,0.6818369545208629,329,253556.7564629984,3364830.0828461153,541818.1802906267,3363464.071758252,29.728345320678443
3975,patches/0000/dom_0028.png,4406,25.030067443847656,28,unlabeled,unlabeled|same_object|similar_but_texture_changed|geometry_or_scale_mismatch|not_same_object|uncertain,,208.0,2100.0,22.40125846862793,7,209.88785118334,2099.747275807374,364.82394002445886,0000.jpg,patches/0000/query_0028.png,1.904691998191997,369,253940.4165955781,3365072.814018863,542195.1509031913,3363716.801247388,25.104887790484952
2679,patches/0002/dom_0029.png,7736,30.485021591186523,29,unlabeled,unlabeled|same_object|similar_but_texture_changed|geometry_or_scale_mismatch|not_same_object|uncertain,,3918.0,2294.0,29.81846046447754,17,3919.165732963159,2294.199353186385,362.8382403222783,0002.jpg,patches/0002/query_0029.png,1.1826559238921177,381,253758.96254865205,3364606.4770693616,542026.171988903,3363245.9734289823,29.38673892241718
2679,patches/0001/dom_0030.png,7736,30.485021591186523,30,unlabeled,unlabeled|same_object|similar_but_texture_changed|geometry_or_scale_mismatch|not_same_object|uncertain,,3923.0,898.0,32.168418884277344,13,3924.434464657551,896.9225345376803,361.7237316079979,0001.jpg,patches/0001/query_0030.png,1.794051469789676,381,253758.96254865205,3364606.4770693616,542026.171988903,3363245.9734289823,29.38673892241718
1369,patches/0000/dom_0031.png,5880,27.022140502929688,31,unlabeled,unlabeled|same_object|similar_but_texture_changed|geometry_or_scale_mismatch|not_same_object|uncertain,,4305.0,1993.0,31.38439178466797,7,4305.975552863232,1992.4863073549468,365.4872439862909,0000.jpg,patches/0000/query_0031.png,1.102535043679946,390,253575.4605088375,3364866.409058747,541835.9094329283,3363500.8687553788,26.824551715025905
1625,patches/0000/dom_0032.png,5591,26.10304069519043,32,unlabeled,unlabeled|same_object|similar_but_texture_changed|geometry_or_scale_mismatch|not_same_object|uncertain,,3816.0,2183.0,29.210905075073242,7,3816.3368109321773,2182.991532288537,365.0292922608288,0000.jpg,patches/0000/query_0032.png,0.336917358073979,410,253611.31884301978,3364906.7666938924,541870.6744340338,3363542.148841051,27.08483696302278
1042,patches/0000/dom_0033.png,5073,27.944286346435547,33,unlabeled,unlabeled|same_object|similar_but_texture_changed|geometry_or_scale_mismatch|not_same_object|uncertain,,4166.0,3188.0,33.19411849975586,7,4166.321660041283,3187.611550492925,365.3312170925515,0000.jpg,patches/0000/query_0033.png,0.5043393715598394,411,253529.76762096919,3364979.327310672,541787.256508691,3363612.5000311984,27.530899699321765
1838,patches/0000/dom_0034.png,4918,27.34585952758789,34,unlabeled,unlabeled|same_object|similar_but_texture_changed|geometry_or_scale_mismatch|not_same_object|uncertain,,3105.0,2884.0,29.718406677246094,7,3105.3216567947834,2884.2145650287616,365.3161011971863,0000.jpg,patches/0000/query_0034.png,0.38665390880967926,422,253641.1473276518,3365001.1175829656,541897.9834442264,3363637.2258669827,26.743945846686017
2987,patches/0000/dom_0035.png,4644,21.419342041015625,35,unlabeled,unlabeled|same_object|similar_but_texture_changed|geometry_or_scale_mismatch|not_same_object|uncertain,,1506.0,2457.0,26.366464614868164,7,1506.0635632961082,2455.652709569663,369.624130820177,0000.jpg,patches/0000/query_0035.png,1.3487890110355052,431,253802.04229251627,3365039.4027260565,542057.7552549933,3363679.747072514,21.28950604718699
2084,patches/0000/dom_0036.png,5067,24.997163772583008,36,unlabeled,unlabeled|same_object|similar_but_texture_changed|geometry_or_scale_mismatch|not_same_object|uncertain,,2897.0,2536.0,23.09174156188965,7,2897.020153452371,2535.388864446619,366.714467302736,0000.jpg,patches/0000/query_0036.png,0.611467763866998,439,253675.5920029105,3364980.2324046805,541932.9579978132,3363617.2672564522,25.047333287028778
3510,patches/0000/dom_0037.png,5709,14.574798583984375,37,unlabeled,unlabeled|same_object|similar_but_texture_changed|geometry_or_scale_mismatch|not_same_object|uncertain,,1581.0,830.0,21.339181900024414,7,1581.6599072137594,830.4148407089835,375.56060903560734,0000.jpg,patches/0000/query_0037.png,0.779467988182773,442,253875.3374370208,3364890.342408891,542134.9492576987,3363532.7291303542,14.528326903511754
3510,patches/0001/dom_0038.png,5709,14.574798583984375,38,unlabeled,unlabeled|same_object|similar_but_texture_changed|geometry_or_scale_mismatch|not_same_object|uncertain,,1571.0,2821.0,20.923282623291016,13,1572.0957243389444,2819.439996084634,377.24580196490183,0001.jpg,patches/0001/query_0038.png,1.9063640898087395,442,253875.3374370208,3364890.342408891,542134.9492576987,3363532.7291303542,14.528326903511754
1410,patches/0000/dom_0039.png,5395,23.363378524780273,39,unlabeled,unlabeled|same_object|similar_but_texture_changed|geometry_or_scale_mismatch|not_same_object|uncertain,,3932.0,2559.0,50.661659240722656,7,3932.1804779357535,2559.8024605837722,369.5299771647237,0000.jpg,patches/0000/query_0039.png,0.8225054855755929,446,253581.20433106634,3364934.273337361,541839.8517383407,3363568.8391336594,22.861522719604636
2129,patches/0000/dom_0040.png,4955,25.7431640625,40,unlabeled,unlabeled|same_object|similar_but_texture_changed|geometry_or_scale_mismatch|not_same_object|uncertain,,2765.0,2645.0,23.219799041748047,7,2765.4333756571555,2644.589197121231,366.5651153931247,0000.jpg,patches/0000/query_0040.png,0.597137727345984,464,253682.00999341387,3364995.8798679565,541938.9571510605,3363633.0741207153,25.17660540290126
1238,patches/0000/dom_0041.png,5371,28.44198226928711,41,unlabeled,unlabeled|same_object|similar_but_texture_changed|geometry_or_scale_mismatch|not_same_object|uncertain,,4136.0,2708.0,38.00458526611328,7,4137.244426511848,2706.8842310702657,364.6089752834043,0000.jpg,patches/0000/query_0041.png,1.671387940590517,469,253557.15705677707,3364937.7052608,541815.7298744522,3363571.631747208,27.970617600185847
1996,patches/0000/dom_0042.png,4896,26.926734924316406,42,unlabeled,unlabeled|same_object|similar_but_texture_changed|geometry_or_scale_mismatch|not_same_object|uncertain,,2894.0,2808.0,29.21186637878418,7,2893.2903754976364,2807.498758878517,365.51570904020116,0000.jpg,patches/0000/query_0042.png,0.8687977878771554,479,253663.33973297643,3365004.14329972,541920.0806545746,3363640.8373912834,26.382129803875216
1964,patches/0000/dom_0043.png,4683,29.821325302124023,43,unlabeled,unlabeled|same_object|similar_but_texture_changed|geometry_or_scale_mismatch|not_same_object|uncertain,,2793.0,3102.0,27.102798461914062,7,2793.097101483251,3100.779580682169,362.2005601575512,0000.jpg,patches/0000/query_0043.png,1.2242761164804128,497,253658.8391635055,3365033.9361981875,541914.7939427518,3363670.4908753075,29.785486095206352
4656,patches/0002/dom_0044.png,7698,14.808362007141113,44,unlabeled,unlabeled|same_object|similar_but_texture_changed|geometry_or_scale_mismatch|not_same_object|uncertain,,1477.0,1035.0,18.91010093688965,17,1477.839494821109,1035.6655543082707,375.32655326620704,0002.jpg,patches/0002/query_0044.png,1.0713141891743734,542,254035.85733795777,3364611.7201478523,542302.7406821095,3363258.546922614,14.739907543026277
1721,patches/0002/dom_0045.png,7459,25.993000030517578,45,unlabeled,unlabeled|same_object|similar_but_texture_changed|geometry_or_scale_mismatch|not_same_object|uncertain,,4795.0,3213.0,29.62257957458496,17,4796.015770014688,3212.9948179433404,367.9627862420495,0002.jpg,patches/0002/query_0045.png,1.0157832330035388,562,253624.83509287355,3364645.2880500797,541891.1074531955,3363281.2055400154,25.566674029344483
2973,patches/0001/dom_0046.png,5191,22.828954696655273,46,unlabeled,unlabeled|same_object|similar_but_texture_changed|geometry_or_scale_mismatch|not_same_object|uncertain,,1880.0,3787.0,24.8751277923584,13,1880.5516324256023,3786.3314096872036,370.5387922415238,0001.jpg,patches/0001/query_0046.png,0.8667821752557067,729,253800.09967083708,3364962.792253985,542057.8432996448,3363603.1370018413,22.32179498497902
2818,patches/0000/dom_0047.png,4853,23.952564239501953,47,unlabeled,unlabeled|same_object|similar_but_texture_changed|geometry_or_scale_mismatch|not_same_object|uncertain,,1839.0,2313.0,24.77523422241211,7,1839.796465234168,2313.602096700897,367.20554340628155,0000.jpg,patches/0000/query_0047.png,0.9984374324260196,822,253778.40904603957,3365010.162450893,542034.9125653153,3363649.900563287,23.83365536077497
2001,patches/0002/dom_0048.png,8003,22.897977828979492,48,unlabeled,unlabeled|same_object|similar_but_texture_changed|geometry_or_scale_mismatch|not_same_object|uncertain,,4833.0,2398.0,49.008052825927734,17,4834.89287725877,2397.942253899383,369.64961632093565,0002.jpg,patches/0002/query_0048.png,1.893757885502736,859,253664.06024889293,3364569.0298279678,541932.3258206829,3363206.0379503067,23.090902256714116
3591,patches/0002/dom_0049.png,8789,15.58359146118164,49,unlabeled,unlabeled|same_object|similar_but_texture_changed|geometry_or_scale_mismatch|not_same_object|uncertain,,3461.0,433.0,25.63421630859375,17,3461.3483449805112,431.8348849317267,374.86836368224016,0002.jpg,patches/0002/query_0049.png,1.2160745650513456,881,253886.6614069398,3364458.994592891,542157.6906415942,3363101.9729684624,15.420223724115147
2691,patches/0000/dom_0050.png,4400,25.44370460510254,50,unlabeled,unlabeled|same_object|similar_but_texture_changed|geometry_or_scale_mismatch|not_same_object|uncertain,,1703.0,2957.0,28.20277214050293,7,1703.9500093499569,2955.8468505486535,366.04958406137575,0000.jpg,patches/0000/query_0050.png,1.4940787871281187,884,253760.66050131337,3365073.5762822554,542015.4962386494,3363712.801303117,25.23891497059003
4734,patches/0001/dom_0051.png,6439,28.674074172973633,51,unlabeled,unlabeled|same_object|similar_but_texture_changed|geometry_or_scale_mismatch|not_same_object|uncertain,,551.0,1142.0,58.334815979003906,13,551.9320140516493,1142.2391925312866,361.0494402579796,0001.jpg,patches/0001/query_0051.png,0.9622178856657009,928,254046.82188687968,3364788.0828849957,542309.0264859779,3363435.0810064045,28.6224288287317
1900,patches/0001/dom_0052.png,7023,22.96793556213379,52,unlabeled,unlabeled|same_object|similar_but_texture_changed|geometry_or_scale_mismatch|not_same_object|uncertain,,4368.0,2294.0,22.324119567871094,13,4369.058896974777,2293.8944572915157,369.5932143401793,0001.jpg,patches/0001/query_0052.png,1.0641438185254002,1004,253649.86508163277,3364706.2539346972,541914.5056756317,3363342.793054372,23.060424770786256
3017,patches/0001/dom_0053.png,6638,22.687742233276367,53,unlabeled,unlabeled|same_object|similar_but_texture_changed|geometry_or_scale_mismatch|not_same_object|uncertain,,2768.0,2029.0,40.92318344116211,13,2768.008799955491,2029.0989231142485,369.8644618373874,0001.jpg,patches/0001/query_0053.png,0.09931375407898956,1071,253806.36122948964,3364760.1321225953,542069.4687268954,3363400.7799055516,21.741451071418737
3212,patches/0000/dom_0054.png,5071,15.659993171691895,54,unlabeled,unlabeled|same_object|similar_but_texture_changed|geometry_or_scale_mismatch|not_same_object|uncertain,,1522.0,1786.0,17.99178695678711,7,1522.9553518196788,1785.7883609693704,375.80244718347984,0000.jpg,patches/0000/query_0054.png,0.9785132490923911,1097,253833.6462427145,3364979.666405947,542090.9201872988,3363620.8883485566,14.763717262838554
4668,patches/0002/dom_0055.png,7785,14.53816032409668,55,unlabeled,unlabeled|same_object|similar_but_texture_changed|geometry_or_scale_mismatch|not_same_object|uncertain,,1521.0,926.0,16.677001953125,17,1521.3266184500756,925.4067029143396,375.432369850257,0002.jpg,patches/0002/query_0055.png,0.6772599528858265,1114,254037.53982848243,3364599.597885402,542304.7431124434,3363246.4774079765,14.54470825704476
3242,patches/0002/dom_0056.png,8296,18.93971824645996,56,unlabeled,unlabeled|same_object|similar_but_texture_changed|geometry_or_scale_mismatch|not_same_object|uncertain,,3576.0,1232.0,25.79676628112793,17,3576.0114147916142,1231.6093874966782,372.32046466616345,0002.jpg,patches/0002/query_0056.png,0.3907792538235779,1141,253837.79396812496,3364528.0475327787,542107.0273459657,3363169.6849173373,18.78818667076348
2157,patches/0002/dom_0057.png,7073,26.2602596282959,57,unlabeled,unlabeled|same_object|similar_but_texture_changed|geometry_or_scale_mismatch|not_same_object|uncertain,,4068.0,3422.0,19.546621322631836,17,4068.5623165091874,3420.371908342634,367.7025600299131,0002.jpg,patches/0002/query_0057.png,1.7224640203178319,1212,253685.87658194915,3364699.336701951,541950.6759841213,3363336.8343492565,25.68310358054032
2157,patches/0001/dom_0058.png,7073,26.2602596282959,58,unlabeled,unlabeled|same_object|similar_but_texture_changed|geometry_or_scale_mismatch|not_same_object|uncertain,,4114.0,2068.0,21.291248321533203,13,4113.795013182054,2067.7569191845137,366.61523919004725,0001.jpg,patches/0001/query_0058.png,0.31797465054461377,1212,253685.87658194915,3364699.336701951,541950.6759841213,3363336.8343492565,25.68310358054032
3616,patches/0002/dom_0059.png,8582,15.834964752197266,59,unlabeled,unlabeled|same_object|similar_but_texture_changed|geometry_or_scale_mismatch|not_same_object|uncertain,,3302.0,652.0,46.21451187133789,17,3301.975588240802,651.9881366182944,374.65712996827693,0002.jpg,patches/0002/query_0059.png,0.027141735622934697,1279,253890.19870491637,3364488.0050685084,542160.457191124,3363131.0575143653,15.785517472525214
4920,patches/0002/dom_0060.png,7763,19.553508758544922,60,unlabeled,unlabeled|same_object|similar_but_texture_changed|geometry_or_scale_mismatch|not_same_object|uncertain,,1177.0,765.0,50.819122314453125,17,1177.667275654914,765.0351544386717,364.0419680000024,0002.jpg,patches/0002/query_0060.png,0.6682010432490995,1284,254072.8454409776,3364602.6372385495,542339.9443906782,3363250.4498290187,25.675425777484122
3181,patches/0001/dom_0061.png,7671,15.2437105178833,61,unlabeled,unlabeled|same_object|similar_but_texture_changed|geometry_or_scale_mismatch|not_same_object|uncertain,,3240.0,679.0,20.39338493347168,13,3240.2587891935314,678.7814981908714,375.1709679363224,0001.jpg,patches/0001/query_0061.png,0.3386958625095468,1325,253829.21894368457,3364615.6000024183,542096.1391936274,3363256.9510287493,15.379195828216893
3181,patches/0002/dom_0062.png,7671,15.2437105178833,62,unlabeled,unlabeled|same_object|similar_but_texture_changed|geometry_or_scale_mismatch|not_same_object|uncertain,,3234.0,2032.0,20.035293579101562,17,3234.6076402239346,2032.2331243876724,376.34647380940044,0002.jpg,patches/0002/query_0062.png,0.6508253389896032,1325,253829.21894368457,3364615.6000024183,542096.1391936274,3363256.9510287493,15.379195828216893
2477,patches/0002/dom_0063.png,8074,21.013599395751953,63,unlabeled,unlabeled|same_object|similar_but_texture_changed|geometry_or_scale_mismatch|not_same_object|uncertain,,4344.0,2007.0,18.89930534362793,17,4345.317713912017,2007.3889037042118,370.6684946770446,0002.jpg,patches/0002/query_0063.png,1.3739053988805197,1327,253730.7483521557,3364559.1079081716,541999.231530748,3363197.889060327,21.482080366550235
2453,patches/0001/dom_0064.png,7099,25.864892959594727,64,unlabeled,unlabeled|same_object|similar_but_texture_changed|geometry_or_scale_mismatch|not_same_object|uncertain,,3767.0,1839.0,19.3369197845459,13,3767.5135094808174,1837.9727009854735,369.3363026929165,0001.jpg,patches/0001/query_0064.png,1.1484925999485551,1507,253727.31033699986,3364695.614582344,541992.1802542331,3363334.21220897,22.577990885484553
3278,patches/0001/dom_0065.png,6813,16.58761215209961,65,unlabeled,unlabeled|same_object|similar_but_texture_changed|geometry_or_scale_mismatch|not_same_object|uncertain,,2562.0,1642.0,27.47294807434082,13,2563.091998624991,1641.595944726942,374.6360770478906,0001.jpg,patches/0001/query_0065.png,1.1643546112195415,1542,253842.881341629,3364735.6651154575,542106.6121935071,3363377.296779053,16.50574685605477
2059,patches/0002/dom_0066.png,7336,24.084232330322266,66,unlabeled,unlabeled|same_object|similar_but_texture_changed|geometry_or_scale_mismatch|not_same_object|uncertain,,4352.0,3164.0,20.886526107788086,17,4353.307008560555,3163.6623599047243,368.15850929283704,0002.jpg,patches/0002/query_0066.png,1.3499156311791607,1624,253672.15712543094,3364662.4096851926,541937.9439083955,3363299.56897292,25.103967257709257
4433,patches/0001/dom_0067.png,6646,23.202987670898438,67,unlabeled,unlabeled|same_object|similar_but_texture_changed|geometry_or_scale_mismatch|not_same_object|uncertain,,1048.0,1088.0,59.34342956542969,13,1049.6565924761082,1087.048409789088,366.64971351180253,0001.jpg,patches/0001/query_0067.png,1.9104508790863701,1673,254004.61250845075,3364759.1197529323,542267.6127761413,3363405.019405575,23.218973995906197
3401,patches/0002/dom_0068.png,8563,19.364133834838867,68,unlabeled,unlabeled|same_object|similar_but_texture_changed|geometry_or_scale_mismatch|not_same_object|uncertain,,3555.0,807.0,45.97197723388672,17,3555.5529454088437,807.0188601469774,371.7724913424555,0002.jpg,patches/0002/query_0068.png,0.5532669611546802,1731,253860.02429041575,3364490.638840116,542130.2334263935,3363132.890317437,18.925568700812903
568,patches/0000/dom_0069.png,4904,27.437219619750977,69,unlabeled,unlabeled|same_object|similar_but_texture_changed|geometry_or_scale_mismatch|not_same_object|uncertain,,4556.0,3632.0,43.11241149902344,7,4557.081025549543,3631.381844180872,369.8659559442014,0000.jpg,patches/0000/query_0069.png,1.2452842468631333,1839,253463.28496822948,3365002.976944698,541720.1925467162,3363634.3725406746,23.541341339180462
3370,patches/0000/dom_0070.png,4273,29.241342544555664,70,unlabeled,unlabeled|same_object|similar_but_texture_changed|geometry_or_scale_mismatch|not_same_object|uncertain,,786.0,2664.0,29.834304809570312,7,787.4562650250004,2663.714159811381,360.75713324582324,0000.jpg,patches/0000/query_0070.png,1.4840527067693445,1860,253855.7869273171,3365091.3637406393,542110.0870877731,3363733.0966007807,29.845003660704265
4815,patches/0002/dom_0071.png,7675,18.50874900817871,71,unlabeled,unlabeled|same_object|similar_but_texture_changed|geometry_or_scale_mismatch|not_same_object|uncertain,,1265.0,955.0,24.56034278869629,17,1265.1927526510717,954.0424642461509,371.0111484482773,0002.jpg,patches/0002/query_0071.png,0.9767437250346652,2052,254058.1369209243,3364614.901427844,542324.920963128,3363262.3161633946,18.899219232198675
4251,patches/0002/dom_0072.png,6716,22.119441986083984,72,unlabeled,unlabeled|same_object|similar_but_texture_changed|geometry_or_scale_mismatch|not_same_object|uncertain,,1299.0,2486.0,63.45652389526367,17,1300.580547295274,2484.986311329293,369.604747214545,0002.jpg,patches/0002/query_0072.png,1.8776832730036364,2233,253979.19437109077,3364749.2261661654,542242.4738656704,3363394.459239167,21.7731521813879
2359,patches/0000/dom_0073.png,5100,25.392494201660156,73,unlabeled,unlabeled|same_object|similar_but_texture_changed|geometry_or_scale_mismatch|not_same_object|uncertain,,2575.0,2312.0,24.795124053955078,7,2574.5764164821803,2311.8199256618514,366.304287174238,0000.jpg,patches/0000/query_0073.png,0.460271402357529,2459,253714.1330037802,3364975.5468774354,541971.5969952977,3363613.605818142,25.157783509917863
5371,patches/0002/dom_0074.png,7507,25.253643035888672,74,unlabeled,unlabeled|same_object|similar_but_texture_changed|geometry_or_scale_mismatch|not_same_object|uncertain,,512.0,808.0,22.61087989807129,17,513.6651120808324,807.6345901386776,364.58689365727855,0002.jpg,patches/0002/query_0074.png,1.7047353485176577,2463,254135.95475257802,3364638.467399892,542402.0621045339,3363287.927365633,24.85598254544209
5156,patches/0002/dom_0075.png,7280,30.081199645996094,75,unlabeled,unlabeled|same_object|similar_but_texture_changed|geometry_or_scale_mismatch|not_same_object|uncertain,,572.0,1200.0,42.26607131958008,17,572.6001177818371,1199.0344324443274,359.8693657401954,0002.jpg,patches/0002/query_0075.png,1.1368650124990933,2480,254105.90007622365,3364670.269703257,542371.1853606442,3363318.9121628786,30.01109807703682
3429,patches/0002/dom_0076.png,6682,14.550996780395508,76,unlabeled,unlabeled|same_object|similar_but_texture_changed|geometry_or_scale_mismatch|not_same_object|uncertain,,2284.0,3055.0,23.118803024291992,17,2284.693534893781,3054.138301596513,377.67553421769117,0002.jpg,patches/0002/query_0076.png,1.10612602693535,2525,253864.03090599677,3364753.9840833466,542127.2622281961,3363396.1635512086,14.642976991734486
3248,patches/0001/dom_0077.png,7630,14.642417907714844,77,unlabeled,unlabeled|same_object|similar_but_texture_changed|geometry_or_scale_mismatch|not_same_object|uncertain,,3133.0,685.0,16.936222076416016,13,3133.095786746047,684.6224417358708,375.8547315526578,0001.jpg,patches/0001/query_0077.png,0.3895193750387033,2532,253838.59027661683,3364621.2488665804,542105.3545671178,3363262.8442846527,14.6469993911482
2978,patches/0002/dom_0078.png,7524,17.629894256591797,78,unlabeled,unlabeled|same_object|similar_but_texture_changed|geometry_or_scale_mismatch|not_same_object|uncertain,,3394.0,2350.0,22.91048240661621,17,3395.0640863584113,2350.1004922782513,369.93271200104124,0002.jpg,patches/0002/query_0078.png,1.0688210683482389,2534,253800.79472287325,3364636.1092174132,542067.1909905197,3363276.6935045053,22.146868293428042
2093,patches/0002/dom_0079.png,7762,26.331777572631836,79,unlabeled,unlabeled|same_object|similar_but_texture_changed|geometry_or_scale_mismatch|not_same_object|uncertain,,4598.0,2636.0,24.854455947875977,17,4598.930660559049,2635.0498617692674,366.7856970594989,0002.jpg,patches/0002/query_0079.png,1.3299968923532284,2539,253676.96716868214,3364602.837172617,541944.3285631959,3363240.1642371505,26.064984467162446
4337,patches/0002/dom_0080.png,6513,19.38406753540039,80,unlabeled,unlabeled|same_object|similar_but_texture_changed|geometry_or_scale_mismatch|not_same_object|uncertain,,1083.0,2666.0,37.30695343017578,17,1084.711301253237,2665.232648706992,372.19343460534617,0002.jpg,patches/0002/query_0080.png,1.8754679379321098,2541,253991.15171033706,3364777.6779131265,542253.6695093429,3363423.2084857747,19.26825763117853
3991,patches/0001/dom_0081.png,6719,14.809989929199219,81,unlabeled,unlabeled|same_object|similar_but_texture_changed|geometry_or_scale_mismatch|not_same_object|uncertain,,1642.0,1295.0,19.96833038330078,13,1642.3189346458598,1293.684014855518,375.46783617388377,0001.jpg,patches/0001/query_0081.png,1.3540813154412814,2542,253942.70658230587,3364748.8943562075,542206.0195219441,3363393.1611846103,14.88046185911378
3991,patches/0002/dom_0082.png,6719,14.809989929199219,82,unlabeled,unlabeled|same_object|similar_but_texture_changed|geometry_or_scale_mismatch|not_same_object|uncertain,,1633.0,2645.0,18.217113494873047,17,1633.72150130828,2644.4017133607304,376.78367909037576,0002.jpg,patches/0002/query_0082.png,0.937289197941796,2542,253942.70658230587,3364748.8943562075,542206.0195219441,3363393.1611846103,14.88046185911378
3420,patches/0002/dom_0083.png,6938,15.895696640014648,83,unlabeled,unlabeled|same_object|similar_but_texture_changed|geometry_or_scale_mismatch|not_same_object|uncertain,,2461.0,2760.0,29.947559356689453,17,2460.8237629311675,2759.73122111371,376.86788612680596,0002.jpg,patches/0002/query_0083.png,0.32140565356873796,2543,253862.76725595334,3364718.22712418,542126.9465398806,3363360.397308394,15.236294359985266
2130,patches/0001/dom_0084.png,6731,26.60428237915039,84,unlabeled,unlabeled|same_object|similar_but_texture_changed|geometry_or_scale_mismatch|not_same_object|uncertain,,3924.0,2507.0,29.75009536743164,13,3923.6246064322268,2507.3139926230883,366.27278001974247,0001.jpg,patches/0001/query_0084.png,0.4893993237422914,2563,253682.05587547773,3364747.1657122765,541945.5910096035,3363384.5297458693,26.342162563136583
2729,patches/0000/dom_0085.png,5658,23.714244842529297,85,unlabeled,unlabeled|same_object|similar_but_texture_changed|geometry_or_scale_mismatch|not_same_object|uncertain,,2483.0,1369.0,36.83438491821289,7,2483.450780696545,1369.6553875610175,368.86349485572345,0000.jpg,patches/0000/query_0085.png,0.7954471016440454,2585,253765.93005742296,3364897.3748560245,542025.4296428269,3363536.8587853876,22.065148373320824
1975,patches/0000/dom_0086.png,5081,24.821252822875977,86,unlabeled,unlabeled|same_object|similar_but_texture_changed|geometry_or_scale_mismatch|not_same_object|uncertain,,3040.0,2587.0,21.790557861328125,7,3040.5998684081196,2587.8383973300024,367.6497646086378,0000.jpg,patches/0000/query_0086.png,1.0308987292722465,2612,253660.38603006958,3364978.2977045276,541917.8135809911,3363614.931076276,24.223398203961835
1077,patches/0001/dom_0087.png,6181,32.30817413330078,87,unlabeled,unlabeled|same_object|similar_but_texture_changed|geometry_or_scale_mismatch|not_same_object|uncertain,,4743.0,3791.0,31.766159057617188,13,4743.919257722446,3790.3201725888894,362.37030739772763,0001.jpg,patches/0001/query_0087.png,1.1433285044874737,2621,253534.648965661,3364824.1368492376,541796.2452949203,3363457.5442152405,31.98798895271557
2410,patches/0001/dom_0088.png,6729,26.073701858520508,88,unlabeled,unlabeled|same_object|similar_but_texture_changed|geometry_or_scale_mismatch|not_same_object|uncertain,,3581.0,2325.0,23.477535247802734,13,3581.0943401400345,2325.0951435120514,367.025243897913,0001.jpg,patches/0001/query_0088.png,0.133986379558594,2649,253721.33725974485,3364747.5146594867,541984.8365348284,3363385.9189180383,25.248663027548446
4813,patches/0002/dom_0089.png,7529,19.220659255981445,89,unlabeled,unlabeled|same_object|similar_but_texture_changed|geometry_or_scale_mismatch|not_same_object|uncertain,,1167.0,1130.0,19.865032196044922,17,1167.2854940796672,1129.165588063724,370.0154923525718,0002.jpg,patches/0002/query_0089.png,0.8819014394617962,2746,254057.85213487188,3364635.3868001536,542324.0937814582,3363282.7801645747,20.025722212065773
3593,patches/0002/dom_0090.png,8353,14.652687072753906,90,unlabeled,unlabeled|same_object|similar_but_texture_changed|geometry_or_scale_mismatch|not_same_object|uncertain,,3182.0,939.0,30.410032272338867,17,3182.0892938098077,938.8279318712332,376.0089793923827,0002.jpg,patches/0002/query_0090.png,0.1938577452857708,2747,253886.91886747666,3364520.018500417,542156.3316732796,3363162.962429938,14.660428422594634
3685,patches/0000/dom_0091.png,5503,14.852160453796387,91,unlabeled,unlabeled|same_object|similar_but_texture_changed|geometry_or_scale_mismatch|not_same_object|uncertain,,1245.0,969.0,16.03369140625,7,1245.4697100938074,969.183403154028,375.0408838772919,0000.jpg,patches/0000/query_0091.png,0.5042462584214156,2813,253899.80861677937,3364919.0973698813,542158.6422105231,3363562.112850573,14.915365561490319
1674,patches/0002/dom_0092.png,7683,25.576765060424805,92,unlabeled,unlabeled|same_object|similar_but_texture_changed|geometry_or_scale_mismatch|not_same_object|uncertain,,4986.0,2976.0,28.28844451904297,17,4987.090432602565,2975.5729105757405,367.84246474836345,0002.jpg,patches/0002/query_0092.png,1.1710886546502302,2958,253618.2342840597,3364613.815037046,541885.3447316939,3363249.579037079,25.541738715272686
3430,patches/0001/dom_0093.png,6320,14.914180755615234,93,unlabeled,unlabeled|same_object|similar_but_texture_changed|geometry_or_scale_mismatch|not_same_object|uncertain,,2055.0,2143.0,16.630390167236328,13,2055.3898455650133,2143.001772577595,376.4123462676594,0001.jpg,patches/0001/query_0093.png,0.38984959483350773,2977,253864.1040251719,3364804.769900896,542125.9901007564,3363446.916952217,14.953227651448628
3409,patches/0001/dom_0094.png,6350,15.06624698638916,94,unlabeled,unlabeled|same_object|similar_but_texture_changed|geometry_or_scale_mismatch|not_same_object|uncertain,,2100.0,2120.0,19.478857040405273,13,2099.8170801314923,2120.2006228791847,376.46375065623266,0001.jpg,patches/0001/query_0094.png,0.27149441605169383,2981,253861.22809257373,3364800.576514828,542123.2271872341,3363442.6502255825,14.902106469274884
3409,patches/0002/dom_0095.png,6350,15.06624698638916,95,unlabeled,unlabeled|same_object|similar_but_texture_changed|geometry_or_scale_mismatch|not_same_object|uncertain,,2097.0,3452.0,18.926687240600586,17,2097.249721120006,3450.843113082184,377.7309386705275,0002.jpg,patches/0002/query_0095.png,1.1835319929730053,2981,253861.22809257373,3364800.576514828,542123.2271872341,3363442.6502255825,14.902106469274884
3146,patches/0002/dom_0096.png,8356,25.03811264038086,96,unlabeled,unlabeled|same_object|similar_but_texture_changed|geometry_or_scale_mismatch|not_same_object|uncertain,,3747.0,1213.0,26.365962982177734,17,3747.449153543972,1212.3331398701964,366.3366849219789,0002.jpg,patches/0002/query_0096.png,0.8040157577959811,2983,253824.35141505423,3364519.5773173,542093.8182290153,3363160.8643957404,24.825479365540502
1014,patches/0000/dom_0097.png,5949,28.847742080688477,97,unlabeled,unlabeled|same_object|similar_but_texture_changed|geometry_or_scale_mismatch|not_same_object|uncertain,,4763.0,2137.0,30.697032928466797,7,4764.66063938787,2136.863641937311,363.500469878887,0000.jpg,patches/0000/query_0097.png,1.6662282850215573,2992,253525.80734940286,3364856.692892237,541786.5473355406,3363489.843961681,29.168945723738148
4141,patches/0002/dom_0098.png,8447,13.539289474487305,98,unlabeled,unlabeled|same_object|similar_but_texture_changed|geometry_or_scale_mismatch|not_same_object|uncertain,,2583.0,480.0,64.23278045654297,17,2583.74240723232,479.1129708179333,376.6759120408862,0002.jpg,patches/0002/query_0098.png,1.1567148604730668,3238,253963.69098817636,3364506.8530646306,542233.4005972315,3363151.8392625335,13.303432130984731
4056,patches/0002/dom_0099.png,6935,14.923148155212402,99,unlabeled,unlabeled|same_object|similar_but_texture_changed|geometry_or_scale_mismatch|not_same_object|uncertain,,1693.0,2344.0,20.166616439819336,17,1692.8685055068531,2344.267390569218,376.53087256787535,0002.jpg,patches/0002/query_0099.png,0.2979740227515815,3303,253951.80362931805,3364718.643088993,542215.9116966942,3363363.1713188766,14.871483282586212
3264,patches/0002/dom_0100.png,6570,21.598867416381836,100,unlabeled,unlabeled|same_object|similar_but_texture_changed|geometry_or_scale_mismatch|not_same_object|uncertain,,2406.0,3318.0,24.674118041992188,17,2406.390197328634,3316.447980724369,370.59003885273086,0002.jpg,patches/0002/query_0100.png,1.6003180268945862,3307,253840.8965877957,3364769.7017641566,542103.7272381821,3363411.257827923,22.010497701800602
2343,patches/0002/dom_0101.png,6849,27.77025604248047,101,unlabeled,unlabeled|same_object|similar_but_texture_changed|geometry_or_scale_mismatch|not_same_object|uncertain,,3712.0,3589.0,22.283857345581055,17,3712.480460421016,3588.73364158375,364.23565063568486,0002.jpg,patches/0002/query_0101.png,0.5493532761984107,3311,253711.92569544006,3364730.659315041,541975.8777997808,3363368.8257053783,29.140635392015326
2954,patches/0000/dom_0102.png,6485,22.60224151611328,102,unlabeled,unlabeled|same_object|similar_but_texture_changed|geometry_or_scale_mismatch|not_same_object|uncertain,,2747.0,228.0,50.35791015625,7,2747.4535992685023,226.3880076526466,368.0852895281108,0000.jpg,patches/0000/query_0102.png,1.674595958526055,3312,253797.45419756748,3364781.632647726,542059.9982270345,3363422.0299518,22.39499850929991
2954,patches/0001/dom_0103.png,6485,22.60224151611328,103,unlabeled,unlabeled|same_object|similar_but_texture_changed|geometry_or_scale_mismatch|not_same_object|uncertain,,2744.0,2261.0,51.28445816040039,13,2743.907429088903,2262.1822424679553,369.4160406926021,0001.jpg,patches/0001/query_0103.png,1.1858611329403141,3312,253797.45419756748,3364781.632647726,542059.9982270345,3363422.0299518,22.39499850929991
2954,patches/0002/dom_0104.png,6485,22.60224151611328,104,unlabeled,unlabeled|same_object|similar_but_texture_changed|geometry_or_scale_mismatch|not_same_object|uncertain,,2727.0,3614.0,54.348297119140625,17,2726.86498608226,3613.4051966929937,370.6241149128691,0002.jpg,patches/0002/query_0104.png,0.6099342030162198,3312,253797.45419756748,3364781.632647726,542059.9982270345,3363422.0299518,22.39499850929991
2141,patches/0002/dom_0105.png,7870,21.932125091552734,105,unlabeled,unlabeled|same_object|similar_but_texture_changed|geometry_or_scale_mismatch|not_same_object|uncertain,,4594.0,2468.0,47.85649871826172,17,4594.627821834335,2467.657690444091,370.9109782828567,0002.jpg,patches/0002/query_0105.png,0.7150776795107834,3340,253683.68919831514,3364587.5986233675,541951.4496501824,3363225.1140568107,21.79068891974265
3456,patches/0000/dom_0106.png,5210,14.561426162719727,106,unlabeled,unlabeled|same_object|similar_but_texture_changed|geometry_or_scale_mismatch|not_same_object|uncertain,,1325.0,1464.0,15.973899841308594,7,1325.7788126199455,1462.926963679443,376.02360418770485,0000.jpg,patches/0000/query_0106.png,1.3258793467812426,3477,253867.76281816795,3364960.1262326464,542125.5312802206,3363602.2651096852,14.249270562644426
4944,patches/0002/dom_0107.png,7537,22.163707733154297,107,unlabeled,unlabeled|same_object|similar_but_texture_changed|geometry_or_scale_mismatch|not_same_object|uncertain,,1010.0,1033.0,27.60407066345215,17,1009.9089695414575,1032.0922331690954,366.92648939511196,0002.jpg,patches/0002/query_0107.png,0.9123196609045942,3490,254076.2401243635,3364634.3625606303,542342.4964884581,3363282.2436529947,22.962970588925202
4095,patches/0001/dom_0108.png,5895,14.558419227600098,108,unlabeled,unlabeled|same_object|similar_but_texture_changed|geometry_or_scale_mismatch|not_same_object|uncertain,,1007.0,2216.0,25.774171829223633,13,1007.8596648096961,2214.816974976376,377.9990087856032,0001.jpg,patches/0001/query_0108.png,1.4623856507605404,3502,253957.31929913696,3364864.2674978664,542217.5663748005,3363508.843413319,12.904697658816417
1449,patches/0000/dom_0109.png,4882,25.41411590576172,109,unlabeled,unlabeled|same_object|similar_but_texture_changed|geometry_or_scale_mismatch|not_same_object|uncertain,,3554.0,3169.0,33.2380256652832,7,3554.172128079094,3168.0191248300507,367.04140185207496,0000.jpg,patches/0000/query_0109.png,0.995863532134599,3508,253586.7398073944,3365006.0554524376,541843.4820262318,3363640.719175982,25.43868830604424
4056,patches/0000/dom_0110.png,4980,20.344839096069336,110,unlabeled,unlabeled|same_object|similar_but_texture_changed|geometry_or_scale_mismatch|not_same_object|uncertain,,483.0,1364.0,44.07796096801758,7,483.9812249067518,1364.3866819111108,369.9285723660145,0000.jpg,patches/0000/query_0110.png,1.0546682976226955,3761,253951.76886857513,3364992.3609478213,542208.6266623612,3363636.7032707874,19.768228529150917
2396,patches/0000/dom_0111.png,5579,25.140897750854492,111,unlabeled,unlabeled|same_object|similar_but_texture_changed|geometry_or_scale_mismatch|not_same_object|uncertain,,2847.0,1686.0,29.402299880981445,7,2847.1639633065092,1685.5492088186231,366.24706675297386,0000.jpg,patches/0000/query_0111.png,0.47968391164244345,3764,253719.33565423122,3364908.457504805,541978.573236342,3363546.6997115174,25.053869382451637
2396,patches/0001/dom_0112.png,5579,25.140897750854492,112,unlabeled,unlabeled|same_object|similar_but_texture_changed|geometry_or_scale_mismatch|not_same_object|uncertain,,2824.0,3722.0,28.536725997924805,13,2824.0466269407093,3720.584847251802,368.19045592900835,0001.jpg,patches/0001/query_0112.png,1.4159206800992117,3764,253719.33565423122,3364908.457504805,541978.573236342,3363546.6997115174,25.053869382451637
2473,patches/0000/dom_0113.png,5234,25.462127685546875,113,unlabeled,unlabeled|same_object|similar_but_texture_changed|geometry_or_scale_mismatch|not_same_object|uncertain,,2520.0,2067.0,25.768564224243164,7,2519.6871473342144,2068.137001969036,366.1818051331339,0000.jpg,patches/0000/query_0113.png,1.1792583551034697,3793,253730.15955232963,3364956.8547217413,541988.107821721,3363595.350852525,25.125223268060324
3167,patches/0002/dom_0114.png,6652,18.882877349853516,114,unlabeled,unlabeled|same_object|similar_but_texture_changed|geometry_or_scale_mismatch|not_same_object|uncertain,,2578.0,3285.0,24.92650604248047,17,2578.392891157698,3285.0215439455837,369.9084715829111,0002.jpg,patches/0002/query_0114.png,0.39348138887209777,3794,253827.32148037618,3364758.226116761,542090.4652779265,3363399.4303742857,22.727497256467984
1689,patches/0000/dom_0115.png,5342,24.10964584350586,115,unlabeled,unlabeled|same_object|similar_but_texture_changed|geometry_or_scale_mismatch|not_same_object|uncertain,,3565.0,2449.0,19.07998275756836,7,3565.144507359215,2448.963460466176,368.3354207677343,0000.jpg,patches/0000/query_0115.png,0.14905540714560792,3871,253620.26888113006,3364941.740693346,541878.6919886336,3363577.336194341,23.774484406568774
2732,patches/0002/dom_0116.png,6648,22.98872184753418,116,unlabeled,unlabeled|same_object|similar_but_texture_changed|geometry_or_scale_mismatch|not_same_object|uncertain,,3103.0,3568.0,33.72684097290039,17,3103.0545872621337,3567.419706858088,369.3321589251021,0002.jpg,patches/0002/query_0116.png,0.582854956003164,4009,253766.4246948774,3364758.8146054484,542029.5941263437,3363398.405461551,23.789344256487652
1967,patches/0000/dom_0117.png,5266,25.765859603881836,117,unlabeled,unlabeled|same_object|similar_but_texture_changed|geometry_or_scale_mismatch|not_same_object|uncertain,,3177.0,2365.0,26.81451416015625,7,3176.8972056457974,2365.745792644139,364.9754110844791,0000.jpg,patches/0000/query_0117.png,0.7528435078471389,4092,253659.3158804886,3364952.4027549247,541917.4300864335,3363589.0253344043,26.85889839119278
2456,patches/0000/dom_0118.png,5678,24.695354461669922,118,unlabeled,unlabeled|same_object|similar_but_texture_changed|geometry_or_scale_mismatch|not_same_object|uncertain,,2837.0,1523.0,27.755563735961914,7,2837.315562556464,1522.6307551505656,366.871838670586,0000.jpg,patches/0000/query_0118.png,0.4857174959541582,4132,253727.72047780087,3364894.621252113,541987.3188809964,3363533.0949336546,24.34059465117167
2123,patches/0001/dom_0119.png,7561,26.026355743408203,119,unlabeled,unlabeled|same_object|similar_but_texture_changed|geometry_or_scale_mismatch|not_same_object|uncertain,,4460.0,1496.0,30.979408264160156,13,4460.857765730744,1495.4971407469232,366.22687447197364,0001.jpg,patches/0001/query_0119.png,0.9942984849853178,4154,253681.11481680893,3364630.9920501863,541947.7276773673,3363268.4098902633,25.708383016398727
2123,patches/0002/dom_0120.png,7561,26.026355743408203,120,unlabeled,unlabeled|same_object|similar_but_texture_changed|geometry_or_scale_mismatch|not_same_object|uncertain,,4432.0,2859.0,29.32115364074707,17,4433.656057463136,2858.682426801422,367.28612445914405,0002.jpg,patches/0002/query_0120.png,1.6862322075155358,4154,253681.11481680893,3364630.9920501863,541947.7276773673,3363268.4098902633,25.708383016398727
1416,patches/0001/dom_0121.png,7166,27.11715316772461,121,unlabeled,unlabeled|same_object|similar_but_texture_changed|geometry_or_scale_mismatch|not_same_object|uncertain,,5003.0,2429.0,30.49285888671875,13,5004.248060597403,2428.679817154616,366.3508874622856,0001.jpg,patches/0001/query_0121.png,1.2884767399021353,4199,253582.1423224984,3364686.1862929086,541847.3603765047,3363320.945248661,26.775554170721193
2661,patches/0001/dom_0122.png,7507,27.033674240112305,122,unlabeled,unlabeled|same_object|similar_but_texture_changed|geometry_or_scale_mismatch|not_same_object|uncertain,,3791.0,1193.0,24.509885787963867,13,3791.2475905957026,1192.8307159831454,364.7254617930108,0001.jpg,patches/0001/query_0122.png,0.2999302943065198,4269,253756.51595952947,3364638.532805349,542022.8780117261,3363277.9426565943,26.596022177821
1926,patches/0000/dom_0123.png,5608,27.17037010192871,123,unlabeled,unlabeled|same_object|similar_but_texture_changed|geometry_or_scale_mismatch|not_same_object|uncertain,,3456.0,1963.0,26.82186508178711,7,3456.5189964129754,1963.3215530085545,364.73993663800087,0000.jpg,patches/0000/query_0123.png,0.6105355141118146,4278,253653.51525215685,3364904.4952571047,541912.9023964169,3363540.996664174,27.051220701736554
4638,patches/0002/dom_0124.png,8550,15.424083709716797,124,unlabeled,unlabeled|same_object|similar_but_texture_changed|geometry_or_scale_mismatch|not_same_object|uncertain,,2062.0,51.0,37.34812545776367,17,2062.504837337836,50.18841557701376,373.9613122676997,0002.jpg,patches/0002/query_0124.png,0.9557876402774329,4282,254033.33976371613,3364492.4008263396,542303.3851082063,3363139.241481793,15.376425597112018
3360,patches/0001/dom_0125.png,7144,14.71658706665039,125,unlabeled,unlabeled|same_object|similar_but_texture_changed|geometry_or_scale_mismatch|not_same_object|uncertain,,2681.0,1189.0,28.832761764526367,13,2681.3160865140303,1188.4698020671244,376.1652755495285,0001.jpg,patches/0001/query_0125.png,0.6172686063435979,4356,253854.39489630834,3364689.3216227186,542119.3454671368,3363331.2896006233,14.601493604294205
3360,patches/0002/dom_0126.png,7144,14.71658706665039,126,unlabeled,unlabeled|same_object|similar_but_texture_changed|geometry_or_scale_mismatch|not_same_object|uncertain,,2669.0,2550.0,30.000741958618164,17,2668.7894324979943,2550.317817942836,377.3875242228657,0002.jpg,patches/0002/query_0126.png,0.3812439083964555,4356,253854.39489630834,3364689.3216227186,542119.3454671368,3363331.2896006233,14.601493604294205
2813,patches/0002/dom_0127.png,6997,27.168779373168945,127,unlabeled,unlabeled|same_object|similar_but_texture_changed|geometry_or_scale_mismatch|not_same_object|uncertain,,3246.0,3115.0,37.981651306152344,17,3246.5289455822463,3114.092687442776,365.64349991655087,0002.jpg,patches/0002/query_0127.png,1.0502378328141857,4357,253777.77050198228,3364709.9688152242,542042.2260452512,3363349.893263728,27.081923781729074
2824,patches/0000/dom_0128.png,6235,19.301856994628906,128,unlabeled,unlabeled|same_object|similar_but_texture_changed|geometry_or_scale_mismatch|not_same_object|uncertain,,2743.0,617.0,39.713680267333984,7,2742.7318544911445,617.086179829326,372.38664234828576,0000.jpg,patches/0000/query_0128.png,0.28165400210546687,4360,253779.3484585726,3364816.675702305,542040.9765325476,3363456.569702254,18.293963266779258
2824,patches/0001/dom_0129.png,6235,19.301856994628906,129,unlabeled,unlabeled|same_object|similar_but_texture_changed|geometry_or_scale_mismatch|not_same_object|uncertain,,2735.0,2648.0,38.30516815185547,13,2734.7726742239656,2648.3884432659697,373.8824548442497,0001.jpg,patches/0001/query_0129.png,0.45007241564759276,4360,253779.3484585726,3364816.675702305,542040.9765325476,3363456.569702254,18.293963266779258
2408,patches/0000/dom_0130.png,6155,31.283552169799805,130,unlabeled,unlabeled|same_object|similar_but_texture_changed|geometry_or_scale_mismatch|not_same_object|uncertain,,3221.0,948.0,32.80337905883789,7,3220.60250122413,947.4946532645824,360.2314802749152,0000.jpg,patches/0000/query_0130.png,0.6429468094760917,4373,253720.98993842647,3364827.816261145,541982.3624455095,3363466.156919486,30.910707004869437
3279,patches/0000/dom_0131.png,5836,25.24944496154785,131,unlabeled,unlabeled|same_object|similar_but_texture_changed|geometry_or_scale_mismatch|not_same_object|uncertain,,1918.0,786.0,39.70793151855469,7,1917.3135430548584,786.3533539969458,364.8545901521697,0000.jpg,patches/0000/query_0131.png,0.7720635885020422,4374,253843.00240885798,3364872.4589966326,542103.109806483,3363514.001313636,25.446535410040326
4015,patches/0001/dom_0132.png,6692,16.644662857055664,132,unlabeled,unlabeled|same_object|similar_but_texture_changed|geometry_or_scale_mismatch|not_same_object|uncertain,,1592.0,1309.0,22.829578399658203,13,1592.744319848709,1308.1954643159297,373.9368530920421,0001.jpg,patches/0001/query_0132.png,1.0960336236286776,4375,253946.03381156104,3364752.621526092,542209.2457791729,3363396.9739653333,16.404542128512333
4015,patches/0002/dom_0133.png,6692,16.644662857055664,133,unlabeled,unlabeled|same_object|similar_but_texture_changed|geometry_or_scale_mismatch|not_same_object|uncertain,,1584.0,2664.0,21.76563835144043,17,1584.6722764159895,2663.0636826472187,375.2567393073876,0002.jpg,patches/0002/query_0133.png,1.1526689744306737,4375,253946.03381156104,3364752.621526092,542209.2457791729,3363396.9739653333,16.404542128512333
3161,patches/0001/dom_0134.png,8111,18.877704620361328,134,unlabeled,unlabeled|same_object|similar_but_texture_changed|geometry_or_scale_mismatch|not_same_object|uncertain,,3546.0,173.0,22.335737228393555,13,3546.547744257551,171.89843697119477,370.45281266143644,0001.jpg,patches/0001/query_0134.png,1.2302296038182436,4456,253826.43376725048,3364553.9082123344,542094.9898867768,3363195.2272135327,19.7566386151002
3270,patches/0002/dom_0135.png,7405,22.203195571899414,135,unlabeled,unlabeled|same_object|similar_but_texture_changed|geometry_or_scale_mismatch|not_same_object|uncertain,,2955.0,2302.0,32.3004035949707,17,2955.472242760011,2301.657038515872,370.26541600737795,0002.jpg,patches/0002/query_0135.png,0.5836401322544126,4457,253841.80984791066,3364652.819042164,542107.7357723423,3363294.478376298,21.594489144856368
4824,patches/0002/dom_0136.png,7949,18.629098892211914,136,unlabeled,unlabeled|same_object|similar_but_texture_changed|geometry_or_scale_mismatch|not_same_object|uncertain,,1444.0,632.0,28.31989288330078,17,1444.2138233025175,630.8638677097144,373.32075891755727,0002.jpg,patches/0002/query_0136.png,1.1560782783743568,4504,254059.37052298847,3364576.6620647474,542327.1665552236,3363224.1352859978,16.339784070791495
2445,patches/0002/dom_0137.png,7373,21.243391036987305,137,unlabeled,unlabeled|same_object|similar_but_texture_changed|geometry_or_scale_mismatch|not_same_object|uncertain,,3938.0,2884.0,26.563528060913086,17,3938.2904560678967,2884.172902125164,367.81513313677254,0002.jpg,patches/0002/query_0137.png,0.3380234788653462,4646,253726.19711500386,3364657.2037305958,541992.0851704316,3363295.797890494,24.98713278206293
4890,patches/0002/dom_0138.png,7847,19.50273895263672,138,unlabeled,unlabeled|same_object|similar_but_texture_changed|geometry_or_scale_mismatch|not_same_object|uncertain,,1292.0,704.0,42.80886459350586,17,1291.7016987157992,702.9221742859152,370.5232434991568,0002.jpg,patches/0002/query_0138.png,1.1183433846982396,4662,254068.61223516183,3364590.9393658033,542336.0238765154,3363238.6477290974,19.153910101961912
3116,patches/0002/dom_0139.png,8030,22.88711929321289,139,unlabeled,unlabeled|same_object|similar_but_texture_changed|geometry_or_scale_mismatch|not_same_object|uncertain,,3563.0,1635.0,25.966447830200195,17,3563.6108586559885,1634.6061154471324,369.2497620408865,0002.jpg,patches/0002/query_0139.png,0.726837903926174,4674,253820.20214710388,3364565.264916614,542088.461688808,3363206.4111817786,22.231765120286298
3341,patches/0002/dom_0140.png,8739,18.077333450317383,140,unlabeled,unlabeled|same_object|similar_but_texture_changed|geometry_or_scale_mismatch|not_same_object|uncertain,,3733.0,644.0,34.01606369018555,17,3734.3077037433086,643.2467333511145,372.50666495620914,0002.jpg,patches/0002/query_0140.png,1.5091387360301045,4770,253851.7451525148,3364465.892390567,542122.6153111383,3363107.9413298755,18.101581769242443
1748,patches/0001/dom_0141.png,6763,21.564136505126953,141,unlabeled,unlabeled|same_object|similar_but_texture_changed|geometry_or_scale_mismatch|not_same_object|uncertain,,4367.0,2702.0,41.55257034301758,13,4368.026572774459,2701.9099999629316,371.09292650909936,0001.jpg,patches/0001/query_0141.png,1.030510391957732,4868,253628.62239791232,3364742.7082090676,541892.3118226603,3363378.6599524585,21.96200879283805
2094,patches/0000/dom_0142.png,6544,26.179523468017578,142,unlabeled,unlabeled|same_object|similar_but_texture_changed|geometry_or_scale_mismatch|not_same_object|uncertain,,3848.0,698.0,34.98573684692383,7,3849.165012841826,696.54952681028,363.82072701704385,0000.jpg,patches/0000/query_0142.png,1.8604105449378483,4876,253677.0602082893,3364773.33280899,541939.905627779,3363410.546785423,27.554373931954274
2094,patches/0001/dom_0143.png,6544,26.179523468017578,143,unlabeled,unlabeled|same_object|similar_but_texture_changed|geometry_or_scale_mismatch|not_same_object|uncertain,,3844.0,2762.0,34.696434020996094,13,3844.7144459807505,2762.717805247763,365.2591992149413,0001.jpg,patches/0001/query_0143.png,1.0127573416799185,4876,253677.0602082893,3364773.33280899,541939.905627779,3363410.546785423,27.554373931954274
2511,patches/0002/dom_0144.png,6861,23.511268615722656,144,unlabeled,unlabeled|same_object|similar_but_texture_changed|geometry_or_scale_mismatch|not_same_object|uncertain,,3512.0,3455.0,26.73406982421875,17,3511.3846417517807,3455.0166682261724,368.8924720054807,0002.jpg,patches/0002/query_0144.png,0.6155839531820758,4967,253735.41274122358,3364729.007589235,541999.3926846408,3363367.7972062505,24.287383863068953
3699,patches/0000/dom_0145.png,4704,18.089365005493164,145,unlabeled,unlabeled|same_object|similar_but_texture_changed|geometry_or_scale_mismatch|not_same_object|uncertain,,711.0,1919.0,23.58718490600586,7,711.3779104415632,1918.2097545770343,370.4612674476058,0000.jpg,patches/0000/query_0145.png,0.8759589775558512,5074,253901.8063585946,3365031.0831467086,542157.6722043453,3363674.07581914,19.68337150727251
3913,patches/0000/dom_0146.png,5016,17.524826049804688,146,unlabeled,unlabeled|same_object|similar_but_texture_changed|geometry_or_scale_mismatch|not_same_object|uncertain,,670.0,1412.0,36.07209014892578,7,671.5913604492068,1411.0890820696036,372.36981264281144,0000.jpg,patches/0000/query_0146.png,1.8336301576974143,5084,253931.8137434194,3364987.407716992,542188.8162323828,3363631.2247933596,17.46871096522665
3704,patches/0002/dom_0147.png,8928,15.752696990966797,147,unlabeled,unlabeled|same_object|similar_but_texture_changed|geometry_or_scale_mismatch|not_same_object|uncertain,,3412.0,204.0,30.7681827545166,17,3412.4981105202132,202.77854860214393,374.6807625954378,0002.jpg,patches/0002/query_0147.png,1.3191124317781435,5125,253902.49540777048,3364439.5169279906,542174.0298083968,3363082.9278418287,15.360336959845029
2351,patches/0002/dom_0148.png,7242,21.00783920288086,148,unlabeled,unlabeled|same_object|similar_but_texture_changed|geometry_or_scale_mismatch|not_same_object|uncertain,,3948.0,3092.0,41.18796920776367,17,3949.092836150354,3091.8816537051607,371.1170216362922,0002.jpg,patches/0002/query_0148.png,1.099225498713695,5129,253712.98496637176,3364675.593896225,541978.3948751899,3363313.825650137,21.905005169551032
2532,patches/0002/dom_0149.png,8051,20.628826141357422,149,unlabeled,unlabeled|same_object|similar_but_texture_changed|geometry_or_scale_mismatch|not_same_object|uncertain,,4265.0,1999.0,28.387195587158203,17,4265.434245046734,1998.4344668666488,371.32955689434,0002.jpg,patches/0002/query_0149.png,0.7130192743053444,5310,253738.4118365257,3364562.243577105,542006.8067730264,3363201.225581048,20.780027115444454
4253,patches/0001/dom_0150.png,7051,26.998287200927734,150,unlabeled,unlabeled|same_object|similar_but_texture_changed|geometry_or_scale_mismatch|not_same_object|uncertain,,1519.0,696.0,23.410512924194336,13,1519.1528224574763,695.6898488651502,363.0699538841387,0001.jpg,patches/0001/query_0150.png,0.3457577619630546,5339,253979.44939253706,3364702.406043094,542243.968853376,3363347.6775028086,26.6828697258008
5051,patches/0001/dom_0151.png,6731,26.449811935424805,151,unlabeled,unlabeled|same_object|similar_but_texture_changed|geometry_or_scale_mismatch|not_same_object|uncertain,,413.0,612.0,88.05933380126953,13,414.5571212887303,611.8991841969096,362.44469517553773,0001.jpg,patches/0001/query_0151.png,1.5603815347439343,5456,254091.1936704511,3364747.1141026993,542354.4534849483,3363395.3151797415,26.596986890161986
3434,patches/0000/dom_0152.png,6182,14.684133529663086,152,unlabeled,unlabeled|same_object|similar_but_texture_changed|geometry_or_scale_mismatch|not_same_object|uncertain,,1977.0,320.0,11.975902557373047,7,1978.3176628682027,319.41308490503843,375.27580799609973,0000.jpg,patches/0000/query_0152.png,1.442464822078448,5508,253864.72162733384,3364824.120596498,542126.0947257983,3363466.270917224,14.773107736125269
3434,patches/0001/dom_0153.png,6182,14.684133529663086,153,unlabeled,unlabeled|same_object|similar_but_texture_changed|geometry_or_scale_mismatch|not_same_object|uncertain,,1961.0,2307.0,12.921359062194824,13,1960.8687258669597,2306.9705169756858,376.70163906954394,0001.jpg,patches/0001/query_0153.png,0.13454421848667578,5508,253864.72162733384,3364824.120596498,542126.0947257983,3363466.270917224,14.773107736125269
3434,patches/0002/dom_0154.png,6182,14.684133529663086,154,unlabeled,unlabeled|same_object|similar_but_texture_changed|geometry_or_scale_mismatch|not_same_object|uncertain,,1963.0,3624.0,12.286360740661621,17,1963.8809888536098,3622.5015944681186,377.98001990993816,0002.jpg,patches/0002/query_0154.png,1.738206114981047,5508,253864.72162733384,3364824.120596498,542126.0947257983,3363466.270917224,14.773107736125269
4597,patches/0002/dom_0155.png,8298,17.453657150268555,155,unlabeled,unlabeled|same_object|similar_but_texture_changed|geometry_or_scale_mismatch|not_same_object|uncertain,,1943.0,367.0,36.88492202758789,17,1944.1330015527462,366.01404041603996,375.1603151855685,0002.jpg,patches/0002/query_0155.png,1.501935025135254,5654,254027.61828866482,3364527.740303096,542296.7315027949,3363174.405559818,14.444379706811901
4702,patches/0002/dom_0156.png,8248,15.199892044067383,156,unlabeled,unlabeled|same_object|similar_but_texture_changed|geometry_or_scale_mismatch|not_same_object|uncertain,,1787.0,358.0,34.795005798339844,17,1787.4442059675912,357.8679141727116,374.4609706848326,0002.jpg,patches/0002/query_0156.png,0.4634281038241881,5770,254042.35086002472,3364534.674833613,542311.2704597362,3363181.725614179,15.070709360841988
4155,patches/0002/dom_0157.png,6578,19.564115524291992,157,unlabeled,unlabeled|same_object|similar_but_texture_changed|geometry_or_scale_mismatch|not_same_object|uncertain,,1336.0,2712.0,41.966827392578125,17,1337.1380122659314,2711.1270975689627,372.0261251370035,0002.jpg,patches/0002/query_0157.png,1.4342351869624277,5773,253965.6719566102,3364768.605091321,542228.4472878565,3363413.466895368,19.580239647661415
4155,patches/0001/dom_0158.png,6578,19.564115524291992,158,unlabeled,unlabeled|same_object|similar_but_texture_changed|geometry_or_scale_mismatch|not_same_object|uncertain,,1342.0,1352.0,44.0115966796875,13,1342.7604188798755,1352.138614442967,370.6844734205555,0001.jpg,patches/0001/query_0158.png,0.7729494399183984,5773,253965.6719566102,3364768.605091321,542228.4472878565,3363413.466895368,19.580239647661415
3315,patches/0000/dom_0159.png,4835,15.308836936950684,159,unlabeled,unlabeled|same_object|similar_but_texture_changed|geometry_or_scale_mismatch|not_same_object|uncertain,,1251.0,2006.0,27.120685577392578,7,1251.807706441127,2005.8435815991509,375.3113766444072,0000.jpg,patches/0000/query_0159.png,0.8227128363908676,5796,253848.07612722734,3365012.7618462835,542104.4636364976,3363654.3436309337,15.205859115702992
3106,patches/0002/dom_0160.png,7638,16.60663414001465,160,unlabeled,unlabeled|same_object|similar_but_texture_changed|geometry_or_scale_mismatch|not_same_object|uncertain,,3304.0,2121.0,19.47216796875,17,3304.274259265567,2120.866151788787,375.4038915096397,0002.jpg,patches/0002/query_0160.png,0.3051777980032421,5912,253818.83869102458,3364620.1395553965,542085.6457282661,3363261.212573343,16.43243934280929
1956,patches/0002/dom_0161.png,7969,24.04981231689453,161,unlabeled,unlabeled|same_object|similar_but_texture_changed|geometry_or_scale_mismatch|not_same_object|uncertain,,4846.0,2464.0,32.24870300292969,17,4847.2417327035555,2462.987339090548,372.5237663988025,0002.jpg,patches/0002/query_0161.png,1.6023052844608123,5999,253657.65664414514,3364573.7923567966,541925.8004155462,3363210.627644207,20.297154651586766
2401,patches/0002/dom_0162.png,7849,21.372173309326172,162,unlabeled,unlabeled|same_object|similar_but_texture_changed|geometry_or_scale_mismatch|not_same_object|uncertain,,4288.0,2329.0,47.62660598754883,17,4288.416406953964,2328.8535677422615,371.01116675731623,0002.jpg,patches/0002/query_0162.png,0.4414036218879772,6002,253720.09613343189,3364590.6390317376,541987.7513888488,3363229.116688978,21.421523525737143
4933,patches/0002/dom_0163.png,7601,21.689252853393555,163,unlabeled,unlabeled|same_object|similar_but_texture_changed|geometry_or_scale_mismatch|not_same_object|uncertain,,1065.0,962.0,25.02948570251465,17,1065.5396079072646,961.4189738102682,367.01137818482545,0002.jpg,patches/0002/query_0163.png,0.7929490063911337,6005,254074.67173647688,3364625.358601579,542341.1676436708,3363273.204229402,22.833987903593595
2386,patches/0000/dom_0164.png,5358,21.950178146362305,164,unlabeled,unlabeled|same_object|similar_but_texture_changed|geometry_or_scale_mismatch|not_same_object|uncertain,,2713.0,1970.0,31.044008255004883,7,2712.0258195030447,1970.2957631381657,369.41720790747485,0000.jpg,patches/0000/query_0164.png,1.0180881467465388,6115,253717.8767304858,3364939.4611514974,541976.2940562747,3363577.643708341,21.950953926625857
3041,patches/0001/dom_0165.png,6569,22.85685157775879,165,unlabeled,unlabeled|same_object|similar_but_texture_changed|geometry_or_scale_mismatch|not_same_object|uncertain,,2691.0,2099.0,71.36424255371094,13,2691.592199923476,2099.356916467113,369.3027680212121,0001.jpg,patches/0001/query_0165.png,0.6914406076168143,6165,253809.73614180254,3364769.872397987,542072.5833590358,3363410.6029815613,22.331377494195635
3866,patches/0000/dom_0166.png,5299,17.18834686279297,166,unlabeled,unlabeled|same_object|similar_but_texture_changed|geometry_or_scale_mismatch|not_same_object|uncertain,,901.0,1101.0,66.34585571289062,7,901.5234073106701,1100.2247357812994,372.6861381780651,0000.jpg,patches/0000/query_0166.png,0.935408906126293,6253,253925.1817916639,3364947.7086213618,542183.2403534701,3363591.3768612086,17.13040337296951
3866,patches/0001/dom_0167.png,5299,17.18834686279297,167,unlabeled,unlabeled|same_object|similar_but_texture_changed|geometry_or_scale_mismatch|not_same_object|uncertain,,905.0,3064.0,68.01270294189453,13,906.6018945991016,3063.0001365420794,374.5482523367615,0001.jpg,patches/0001/query_0167.png,1.8883308081783987,6253,253925.1817916639,3364947.7086213618,542183.2403534701,3363591.3768612086,17.13040337296951
4474,patches/0001/dom_0168.png,5668,19.84653663635254,168,unlabeled,unlabeled|same_object|similar_but_texture_changed|geometry_or_scale_mismatch|not_same_object|uncertain,,415.0,2242.0,58.60799789428711,13,416.1308594760335,2241.0934144973335,369.8736723580666,0001.jpg,patches/0001/query_0168.png,1.4493931240970723,6414,254010.33785953792,3364896.042734528,542269.7074405329,3363542.0015590508,20.755607291742592
2912,patches/0000/dom_0169.png,6047,28.662172317504883,169,unlabeled,unlabeled|same_object|similar_but_texture_changed|geometry_or_scale_mismatch|not_same_object|uncertain,,2511.0,753.0,39.19379806518555,7,2510.502086019393,751.9108155219999,361.66396302037543,0000.jpg,patches/0000/query_0169.png,1.1975980791568408,6434,253791.63203191792,3364842.9799686885,542052.5550425787,3363483.1815277804,28.971909797216256
2912,patches/0001/dom_0170.png,6047,28.662172317504883,170,unlabeled,unlabeled|same_object|similar_but_texture_changed|geometry_or_scale_mismatch|not_same_object|uncertain,,2501.0,2844.0,40.99279022216797,13,2500.0876362777776,2843.6708885400444,363.2535804274487,0001.jpg,patches/0001/query_0170.png,0.9699081991103968,6434,253791.63203191792,3364842.9799686885,542052.5550425787,3363483.1815277804,28.971909797216256
3398,patches/0001/dom_0171.png,6458,14.541245460510254,171,unlabeled,unlabeled|same_object|similar_but_texture_changed|geometry_or_scale_mismatch|not_same_object|uncertain,,2184.0,1997.0,22.499849319458008,13,2184.2353578311613,1996.3219827395828,376.70638020789403,0001.jpg,patches/0001/query_0171.png,0.7177051721372444,6435,253859.67009440096,3364785.4466227298,542122.0709997878,3363427.4893004373,14.583480255877873
4276,patches/0002/dom_0172.png,6378,19.184249877929688,172,unlabeled,unlabeled|same_object|similar_but_texture_changed|geometry_or_scale_mismatch|not_same_object|uncertain,,1074.0,2865.0,37.20577621459961,17,1075.86301213172,2864.3510034520823,372.42681123223997,0002.jpg,patches/0002/query_0172.png,1.9728179647766184,6465,253982.56650290242,3364796.6458850903,542244.5876831411,3363441.9362409553,19.221816405250195
2431,patches/0000/dom_0173.png,5034,26.39667320251465,173,unlabeled,unlabeled|same_object|similar_but_texture_changed|geometry_or_scale_mismatch|not_same_object|uncertain,,2440.0,2348.0,21.112632751464844,7,2439.9636968610625,2347.643655264628,365.4109669570794,0000.jpg,patches/0000/query_0173.png,0.35818917951858664,6489,253724.20105183913,3364984.797981354,541981.4131692314,3363623.117347392,25.991850137767244
2718,patches/0000/dom_0174.png,5695,20.270952224731445,174,unlabeled,unlabeled|same_object|similar_but_texture_changed|geometry_or_scale_mismatch|not_same_object|uncertain,,2520.0,1336.0,34.1757698059082,7,2520.909521166593,1335.032980508895,370.80238217758534,0000.jpg,patches/0000/query_0174.png,1.32753736243387,6491,253764.46205348993,3364892.3250089213,542024.0963956075,3363531.7734726975,20.128125778445735
1832,patches/0000/dom_0175.png,4492,24.358478546142578,175,unlabeled,unlabeled|same_object|similar_but_texture_changed|geometry_or_scale_mismatch|not_same_object|uncertain,,2827.0,3397.0,28.42453384399414,7,2826.9201275131027,3395.6375956156944,368.2364262175324,0000.jpg,patches/0000/query_0175.png,1.36474368309154,6519,253640.38067961443,3365060.7038668795,541895.6389115393,3363696.7514388687,23.937524224075787
2244,patches/0000/dom_0176.png,5617,29.019079208374023,176,unlabeled,unlabeled|same_object|similar_but_texture_changed|geometry_or_scale_mismatch|not_same_object|uncertain,,3065.0,1737.0,30.4206485748291,7,3064.979532453411,1737.7832485463714,364.10652166291356,0000.jpg,patches/0000/query_0176.png,0.7835159257196199,6521,253698.1194434928,3364903.137253225,541957.5123265606,3363540.821078762,27.345138369856272
2686,patches/0002/dom_0177.png,6739,22.871431350708008,177,unlabeled,unlabeled|same_object|similar_but_texture_changed|geometry_or_scale_mismatch|not_same_object|uncertain,,3219.0,3488.0,61.90264892578125,17,3218.7962055142625,3486.491050554592,370.04293421313207,0002.jpg,patches/0002/query_0177.png,1.5226492114776315,6526,253759.93960205218,3364746.05903596,542023.4512872621,3363385.4867559304,23.049803067491894
3543,patches/0000/dom_0178.png,4650,16.319801330566406,178,unlabeled,unlabeled|same_object|similar_but_texture_changed|geometry_or_scale_mismatch|not_same_object|uncertain,,867.0,2083.0,25.528614044189453,7,867.8633810977453,2082.275397432632,373.206252908681,0000.jpg,patches/0000/query_0178.png,1.1271538495610467,6552,253879.99006773974,3365038.6336477515,542135.6706590182,3363681.043311702,17.11686805968162
3972,patches/0001/dom_0179.png,5576,14.956229209899902,179,unlabeled,unlabeled|same_object|similar_but_texture_changed|geometry_or_scale_mismatch|not_same_object|uncertain,,952.0,2672.0,11.44901180267334,13,952.9626181867702,2671.247816130517,376.5933400768675,0001.jpg,patches/0001/query_0179.png,1.2216441163493779,6626,253940.01519403813,3364908.9825382885,542199.0895334029,3363553.069874132,14.726343465135415
3972,patches/0000/dom_0180.png,5576,14.956229209899902,180,unlabeled,unlabeled|same_object|similar_but_texture_changed|geometry_or_scale_mismatch|not_same_object|uncertain,,969.0,717.0,12.212987899780273,7,969.7964643438079,716.4908712154302,374.90772261701,0000.jpg,patches/0000/query_0180.png,0.9452870306075739,6626,253940.01519403813,3364908.9825382885,542199.0895334029,3363553.069874132,14.726343465135415
2360,patches/0002/dom_0181.png,8185,21.846206665039062,181,unlabeled,unlabeled|same_object|similar_but_texture_changed|geometry_or_scale_mismatch|not_same_object|uncertain,,4545.0,1952.0,19.407608032226562,17,4546.390507705126,1950.9441404809609,370.9234977784591,0002.jpg,patches/0002/query_0181.png,1.745952749062792,6762,253714.26264704976,3364543.5815233816,541983.1682248007,3363181.93655254,21.260072784124304
1263,patches/0001/dom_0182.png,6257,26.16072654724121,182,unlabeled,unlabeled|same_object|similar_but_texture_changed|geometry_or_scale_mismatch|not_same_object|uncertain,,4576.0,3588.0,33.07072830200195,13,4576.53182171465,3586.324888143313,368.36396443437684,0001.jpg,patches/0001/query_0182.png,1.7575079142316288,6818,253560.70432695711,3364813.584498697,541822.5624819242,3363447.6891774167,25.703962215439674
2459,patches/0002/dom_0183.png,8168,21.342538833618164,183,unlabeled,unlabeled|same_object|similar_but_texture_changed|geometry_or_scale_mismatch|not_same_object|uncertain,,4424.0,1907.0,17.39566993713379,17,4424.488403103717,1906.0885158783333,370.784931433225,0002.jpg,patches/0002/query_0183.png,1.03408940414801,6870,253728.16252633705,3364545.9293093677,541996.9965049603,3363184.650899732,21.303402974714515
2291,patches/0002/dom_0184.png,7009,27.099760055541992,184,unlabeled,unlabeled|same_object|similar_but_texture_changed|geometry_or_scale_mismatch|not_same_object|uncertain,,3877.0,3422.0,33.92226028442383,17,3876.333391821434,3421.447492473144,366.3302074309946,0002.jpg,patches/0002/query_0184.png,0.8658123532058238,6889,253704.6710367825,3364708.216509846,541969.2225033101,3363346.205950273,26.962544945895388
4396,patches/0001/dom_0185.png,6206,19.314149856567383,185,unlabeled,unlabeled|same_object|similar_but_texture_changed|geometry_or_scale_mismatch|not_same_object|uncertain,,829.0,1650.0,55.64625549316406,13,830.5367988996777,1650.2475514573628,371.41009235420853,0001.jpg,patches/0001/query_0185.png,1.5566093222427502,7691,253999.38628615663,3364820.707963398,542260.7587503054,3363466.4275849364,18.8686600614123
3870,patches/0002/dom_0186.png,8826,14.805953979492188,186,unlabeled,unlabeled|same_object|similar_but_texture_changed|geometry_or_scale_mismatch|not_same_object|uncertain,,3151.0,215.0,26.381486892700195,17,3151.1524139189846,213.26013035433925,375.30830257002935,0002.jpg,patches/0002/query_0186.png,1.7465326755007773,8081,253925.7210413114,3364453.7603709805,542196.8624993605,3363097.776794021,14.638379859134943
